sample_barcode,latent_1,latent_2,latent_3,latent_4,latent_5,latent_6,latent_7,latent_8,latent_9,latent_10,latent_11,latent_12,latent_13,latent_14,latent_15,latent_16,latent_17,latent_18,latent_19,latent_20,latent_21,latent_22,latent_23,latent_24,latent_25,latent_26,latent_27,latent_28,latent_29,latent_30,latent_31,latent_32
TCGA-EY-A1GK-01A-11R-A13S-07,2.5340474,1.257497,4.404206,0.0,0.0,0.0,12.683702,0.0,0.0,0.0,0.0,4.76212,0.0,0.0,0.0,0.0,0.0,1.6730297,9.093417,9.865871,0.22310773,3.3235924,0.0,0.0,3.8640954,2.1957188,1.9032706,0.0,2.0544584,0.0,0.0,4.8462205
TCGA-FI-A2CX-01A-11R-A17B-07,12.730516,0.0,18.982895,0.0,6.37618,0.0,8.432728,6.849012,0.0,0.0,0.0,14.590478,0.0,0.0,0.0,0.0,0.0,13.779414,0.0,0.0,0.0,0.0,0.0,24.238277,0.0,0.0,0.0,0.0,15.176213,0.0,0.0,19.339914
TCGA-AX-A3G3-01A-11R-A213-07,11.830411,0.0,11.785679,5.2472653,6.4454656,4.0494113,0.0,0.57508683,5.9219666,0.0,1.8070791,0.0,2.042958,4.649876,0.0,2.8983643,7.244533,5.784077,1.0254738,0.0,0.0,0.0,0.744084,4.8252068,0.0,0.0,0.0,6.266345,2.526934,13.535024,0.0,0.8549517
TCGA-A5-A0GM-01A-11R-A040-07,0.0,0.0,0.0,2.1834087,0.84062624,0.0,1.985973,0.7757166,2.331111,3.6743762,1.5806365,0.0,0.0,1.6316271,0.48276812,1.4571629,0.0,0.0,3.6053574,1.047804,6.6341653,0.0,0.0,0.0,1.9096671,0.37323776,1.9021937,0.0,0.0,0.8154377,5.5823855,0.23333138
TCGA-BG-A0MS-01A-11R-A104-07,0.0,0.67491126,2.3728626,0.0,0.0,0.8286959,0.18552855,0.0,0.0,9.523179,0.0,3.786953,0.0,0.0,0.0,1.471563,4.324466,1.3440484,0.9226332,5.947995,12.5625725,7.062149,0.8778428,0.0,0.0,2.4969711,5.3540664,0.0,0.0,0.0,0.21059974,0.79462403
TCGA-B5-A0KB-01B-11R-A14D-07,7.780329,0.0,3.9876015,0.0,0.0,3.776778,1.2277136,0.0,0.0,0.0,0.0,4.927484,5.629996,0.0,0.0,6.924659,0.052292332,4.4516788,5.6781354,3.5619652,0.0,5.4609056,6.0947165,3.9308462,0.0,0.0,3.33466,0.0,0.0,4.976355,0.0,0.0
TCGA-BG-A0M8-01A-12R-A104-07,3.6773317,0.0,3.7757838,2.642888,0.0,0.0,0.77470666,0.0,7.6648154,0.0,2.5583117,2.2554057,0.0,8.227417,0.0,2.0509098,0.0,0.0,15.1549225,0.0,0.4344885,0.0,0.0,7.992864,0.0,5.908205,0.0,1.4509935,2.4783795,0.77356493,1.7012099,10.08962
TCGA-AP-A05D-01A-11R-A00V-07,2.8213642,1.2987518,10.211532,5.1310735,1.2648419,9.529674,0.0,4.544465,7.606385,1.2160952,10.673822,0.32681072,0.0,0.0,6.608831,1.7577689,6.459088,0.0,2.430463,0.0,0.0,0.0,2.8065727,1.6883401,0.0,0.0,2.5495458,2.1801224,3.6175869,17.99857,0.0,0.0
TCGA-AX-A2HF-01A-11R-A17B-07,9.04813,0.0,1.0195546,1.9502732,0.0,0.0,0.0,17.593939,9.254865,0.0,0.0,0.0,7.5978875,0.0,5.5819755,0.9521274,8.907212,3.8182368,0.0,0.0,3.2665179,0.0,5.8382273,6.9030776,0.0,0.0,0.0,7.4538913,1.8090334,13.327412,0.0,0.0
TCGA-AX-A2HD-01A-21R-A17B-07,5.4271636,0.65601504,1.6744926,0.0,0.0,11.870767,4.615705,1.2057757,0.0,0.0,2.3887947,6.139361,0.0,0.0,5.9303584,1.1382493,0.0,6.445703,0.79724807,0.0,0.0,0.0,11.201886,0.0,0.0,2.4729524,5.363711,0.0,2.7340066,0.0,0.0,0.0
TCGA-BG-A0YU-01A-21R-A10J-07,0.0,1.9906512,0.0,0.0,0.0,0.0,9.376384,1.44122,0.0,9.580991,0.62787175,5.139467,0.0,0.0,0.0,0.0,0.0,0.0,7.202914,16.54194,1.5652643,7.8379736,2.7245767,0.0,10.204352,1.1027806,0.7727306,0.20423707,0.0,0.0,4.9561944,1.2547196
TCGA-D1-A102-01A-11R-A10J-07,0.0,0.0,0.0,0.0,0.0,0.0,1.3946148,0.0,0.0,6.8917494,0.0,6.513879,0.0,2.8246996,0.0,1.3845608,3.5461733,5.1106405,0.46243888,4.687777,16.539013,7.3321342,4.3360167,2.6820936,1.5881778,1.1189184,7.1400485,0.0,0.0,0.0,0.0,0.0
TCGA-AP-A3K1-01A-11R-A213-07,0.0,1.1162509,0.0,9.019852,0.0,5.033106,0.0,1.1769197,0.07392832,0.0,0.0,0.0,0.0,6.967848,4.374363,0.0,1.3607734,0.7235945,0.0,0.0,0.0,0.0,0.0,0.0,6.6405,0.0,0.0,6.97457,11.231446,0.0,0.0,2.0318012
TCGA-B5-A0JU-01B-11R-A14D-07,0.0,0.0,0.0,0.0,0.0,1.9117049,1.635726,0.0,0.0,4.4900494,0.0,6.2908297,3.9819903,0.0,11.96158,1.3258446,2.6442156,0.0,0.0,0.0,10.239754,5.2685413,0.0,4.5597086,4.027607,8.050069,11.463665,0.0,1.0723749,0.0,2.4645867,8.570336
TCGA-FI-A2EX-01A-11R-A17B-07,5.459443,5.383581,0.0,0.0,0.8484717,1.1077535,0.0,2.0720603,5.9693155,0.0,2.8220074,0.0,2.886063,2.0613103,0.90830535,2.1162827,0.0,2.537927,0.0,0.0,0.0,0.0,0.0,0.0,0.0,0.0,0.0,12.249806,15.187298,3.1892424,0.0,0.963844
TCGA-AP-A05P-01A-11R-A16W-07,0.0,0.0,0.0,0.0,0.0,7.1454124,0.0,7.2675405,0.0,8.42352,0.0,0.0,0.0,4.4091086,0.0,0.0,3.0381095,3.7900565,6.347966,5.5559335,4.1415567,3.0109582,0.84779763,0.8524028,5.3932858,1.5996842,3.6432543,2.4483733,0.32968667,0.0,0.0,0.3018587
TCGA-AP-A1DM-01A-21R-A137-07,0.0,0.0,0.0,3.428163,0.0,4.6370716,5.294784,0.11029917,0.0,2.7730443,4.6536694,0.0,0.0,2.9521468,3.8244295,0.0,0.0,0.0,6.076158,0.0,6.284922,0.0,0.0,0.0,2.846818,13.697007,0.9247441,0.0,1.8443708,0.0,0.4734972,6.100697
TCGA-AX-A05Y-01A-11R-A00V-07,0.0,0.0,0.0,0.0,0.0,0.0,0.0,0.0,0.0,4.7674537,15.612467,7.1132417,0.0,0.0,10.235336,0.0,0.35344112,0.0,0.0,0.0,0.0,0.0,15.40058,0.0,1.4670154,0.0,0.0,1.5520161,0.0,0.0,8.089508,0.0
TCGA-AP-A1DH-01A-31R-A137-07,3.0494037,0.0,4.001441,6.774925,0.0,2.7499151,8.950621,0.0,0.0,0.0,2.6920578,0.0,0.8538705,0.0,3.9900575,5.440472,0.0,0.0,7.638166,0.0,1.5004379,0.0,0.0,7.2219152,0.0,6.850869,4.9582343,0.0,7.496131,3.7432916,6.87305,9.388431
TCGA-D1-A0ZQ-01A-11R-A118-07,2.4155884,0.0,0.0,0.0,0.0,1.6438086,4.396239,0.0,0.0,0.0,0.0,7.663043,0.0,9.8947,0.62962395,0.0,0.0,1.9868743,13.774627,2.5737495,4.9872804,3.5430517,0.0,1.8999091,11.041783,8.936987,0.0,1.046587,0.0,0.0,0.18181767,4.178592
TCGA-BG-A0MC-01A-21R-A040-07,0.0,10.952813,9.392286,0.0,2.1601949,0.0,0.69929004,0.0,5.8791113,10.50381,6.9753647,0.0,0.0,0.0,0.0,0.0,0.0,0.0,10.357306,14.838829,0.0,3.773398,0.0,0.0,0.0,0.0,0.0,0.5277486,0.0,0.0,5.8667407,5.1125135
TCGA-D1-A16D-01A-11R-A12I-07,0.0,12.871312,0.76697165,0.0,3.1391137,0.0,0.0,0.0,7.1492434,5.3712115,0.0,0.0,2.7270596,3.3639627,0.0,6.667499,0.47290963,0.6472332,3.2460244,5.5562572,0.5019496,10.020173,0.0,0.0,0.0,5.4396095,0.0,0.0,0.0,0.0,2.9582734,6.5005574
TCGA-AJ-A3EJ-01A-11R-A19W-07,7.3634176,4.196498,4.757645,6.045651,1.7732394,15.18032,0.0,8.388749,0.0,0.0,0.0,0.0,5.44863,9.901434,0.16317506,0.0,5.7886095,6.429334,3.9326224,4.748543,0.0,0.0,5.95119,0.0,0.0,0.0,2.6718054,0.12918916,0.0,11.346523,0.0,0.0
TCGA-DI-A2QU-01A-11R-A18M-07,6.727231,0.0,0.0,1.9685415,0.0,0.0,0.0,0.0860485,7.1076355,0.0,2.435368,3.706412,0.93584156,0.0,7.6269727,0.23988795,0.0,0.0,5.1822596,0.0,0.20575014,0.0,0.0,11.543023,8.605136,0.0,0.5307492,3.6845446,1.9954404,7.232089,14.49009,4.65367
TCGA-EO-A22Y-01A-11R-A180-07,0.0,1.937304,0.0,1.5629162,0.0,4.552289,2.600647,0.0,0.0,0.5673058,0.0,2.9380016,4.8542285,4.4417877,3.4511774,0.0,0.0,0.0,8.302701,12.496001,3.7096353,2.9935217,14.47258,0.0,6.9944625,0.0,5.812143,0.0,0.0,0.0,10.174951,0.0
TCGA-B5-A1MX-01A-11R-A144-07,1.9191605,0.0,5.122937,1.4394131,0.0,0.0,10.703905,0.0,0.0,0.0,1.908673,3.2157602,0.3001272,0.0,0.0,9.7855835,0.0,0.0,7.0731955,0.0,0.21831566,1.9044703,0.0,4.849056,0.41418827,4.311199,8.93204,0.0,0.09817888,0.50953466,3.0635893,2.4376953
TCGA-AX-A0IU-01A-11R-A16W-07,0.0,0.0,0.0,0.0,0.11244798,0.0,0.0,0.24568263,10.481163,2.517666,5.1450086,0.0,0.0,0.0,0.0,0.0,0.0,2.2392967,0.6932685,0.0,0.0,0.0,1.7382532,0.23636937,0.0,0.0,0.0,13.904371,8.023691,1.3062221,0.0,0.0
TCGA-EY-A1GH-01A-11R-A13S-07,0.0,4.11334,1.6249728,0.0,4.121813,0.0,3.7884707,0.0,0.0,5.1759834,0.0,0.0,0.0,0.0,0.0,0.0,0.0,0.0,0.0,0.44600904,0.0,9.333012,0.0,0.0,5.6449914,0.9105053,6.7847013,0.0,0.0,0.0,0.78845966,4.566129
TCGA-AX-A1CC-01A-11R-A137-07,5.528317,0.0,0.0,0.56059504,0.0,7.9134197,0.0,3.443932,5.22467,0.0,0.0,2.4961126,0.0,19.284367,1.9635694,0.0,5.790666,13.55727,13.370136,0.7493443,0.0,0.0,12.780085,6.0741754,1.5202184,0.0,0.0,2.6479964,0.0,8.318364,0.0,0.0
TCGA-AX-A1CK-01A-11R-A137-07,0.0,0.0,0.0,0.15954499,0.8497649,0.0,2.9080904,1.2608407,1.3470652,4.21265,0.0,2.4452937,0.0,0.0,5.1491256,0.0,0.0,0.0,3.0635927,0.0,9.54026,0.6325251,0.0,6.190147,11.373541,5.265453,0.48878193,0.0,0.0002474375,0.0,12.160869,11.149783
TCGA-E6-A1M0-01A-11R-A144-07,5.845792,0.0,1.0421236,6.423198,0.0,1.2214454,11.000719,3.6818793,0.0,0.0,0.0,0.0,1.4325631,0.0,3.6038468,2.9398713,0.0,5.355452,0.0889858,0.0,7.0196233,0.0,2.2714415,10.132549,4.491353,0.0,13.731542,0.0,1.5147313,3.0278199,0.0,0.0
TCGA-D1-A3DA-01A-12R-A213-07,0.0,11.448283,0.0,0.0,8.53864,15.400202,0.0,7.5803456,0.0,1.0291468,0.0,2.091115,12.725515,1.4456632,5.1329885,0.0,2.377025,6.0006986,0.0,0.0,0.0,4.4398584,0.0,0.0,0.0,6.0283747,0.0,1.1250407,0.0,1.216591,0.0,3.9987478
TCGA-D1-A17L-01A-11R-A12I-07,0.0,0.0,4.193085,0.0,0.13575166,0.0,0.0,0.0,9.30329,4.068833,3.354356,5.5259924,0.0,0.0,0.0,0.0,0.0,0.0,5.0019884,0.0,0.0,6.2953086,0.0,7.9787927,0.6329618,0.44768426,0.0,6.260488,0.0,0.0,8.714078,11.787271
TCGA-B5-A3FH-01A-11R-A19W-07,0.0,8.127278,2.8291178,0.0,0.0,3.3442383,3.5959265,0.0,0.0,0.0,0.0,5.2131658,18.733263,0.20953915,2.9820876,11.097299,0.0,0.0,4.5346546,7.0603533,2.3444054,13.097908,0.0,0.0,0.0,1.8943728,7.9340005,0.0,0.0,0.0,7.0110316,7.1510816
TCGA-SJ-A6ZJ-01A-12R-A34R-07,0.0,0.0,1.9101968,4.6887097,0.0,0.0,0.37581164,0.97223693,0.0,9.947165,1.2213846,0.0,0.0,0.044297606,0.0,0.0,2.6389349,0.0,5.354319,14.397289,6.473783,0.0,6.319955,0.0,3.566815,0.0,7.430235,0.0,0.0,0.0,10.984663,0.0
TCGA-BS-A0UA-01A-11R-A118-07,0.0,4.5543556,6.2061667,0.0,0.0,0.0,7.6109715,0.0,0.0,3.719409,1.0328989,3.1756003,0.0,2.086102,0.0,3.4160225,0.0,2.7300017,14.204794,8.442316,2.5316331,6.091962,0.0,0.0,0.0,5.358157,3.6361356,0.0,0.47153524,0.0,0.0,4.3815045
TCGA-A5-A0G9-01A-11R-A040-07,0.0,1.9975617,5.5721364,0.0,0.0,7.192216,1.4842296,0.0030460954,0.40966538,8.889461,7.1506276,10.212085,0.0,0.0,0.80743206,0.0,2.7876875,0.0,4.7587423,2.7110925,5.308252,4.8498726,3.197721,0.0,0.0,5.0838857,2.5363307,0.817598,0.0,3.693279,8.393293,0.87456965
TCGA-A5-AB3J-01A-11R-A40A-07,0.4720925,0.0,0.0,0.0,0.0,4.3070993,0.21399376,0.945145,2.1165266,3.5275342,0.0,11.350398,0.0,18.672836,0.0,0.0,0.0,5.3451605,11.296255,6.5504026,13.052599,6.7016587,0.46281877,4.834948,8.164314,9.192215,0.0,0.7207602,0.0,0.0,0.0,5.7751203
TCGA-AX-A1CP-01A-11R-A137-07,0.5997578,0.0,0.0,0.0,0.0,3.336767,0.0,1.5810378,2.284652,0.0,0.0,0.0,2.4406629,5.476818,0.0,0.0,8.37737,2.217168,3.9334064,11.990385,0.0,4.924018,15.336095,0.0,3.6518013,0.0,0.0,8.418107,0.0,4.3115478,1.5974882,0.0
TCGA-AP-A0LF-01A-11R-A118-07,4.43566,0.0,6.168916,3.1596668,0.0,0.0,0.0,0.0,9.244494,0.0,0.0,0.0,3.515452,0.0,0.0,5.283354,0.0,0.0,0.0,0.0,0.0,0.0,0.0,11.772497,0.0,0.2964585,0.0,6.7107778,20.333569,1.5260326,6.240041,18.25059
TCGA-E6-A1LZ-01A-11R-A144-07,10.321902,4.0015388,1.6746202,0.0,10.652435,3.363402,0.0,2.9252532,4.1461134,0.0,6.8544583,9.23405,2.7415888,1.2307966,0.0,0.23861033,0.0,0.0,0.0,0.0,0.0,0.0,0.0,0.0,0.0,3.6818097,0.0,12.402485,13.544213,0.0,0.0,9.65295
TCGA-BS-A0UL-01A-11R-A109-07,4.2156124,0.0,0.0,2.299069,0.0,0.5478655,0.30098614,0.0,3.4431388,0.0,0.0,2.7686837,0.0,14.368994,0.0,0.38320288,0.0,4.05172,16.28614,2.3015926,0.0,0.41059032,1.4423336,4.8775797,3.2390816,4.2563033,0.0,0.8899104,0.0,1.0889791,0.0,3.432814
TCGA-BK-A26L-01A-11R-A277-07,0.0,0.0,0.0,1.9602755,0.0,0.0,0.0,1.677192,6.0950437,0.0,0.0,0.0,15.248708,21.298136,6.148626,0.0,16.981773,20.316978,0.0,3.223544,0.0,6.8882303,10.6418085,4.3275642,10.830621,0.0,0.0,2.8992486,0.0,8.804733,0.0,0.0
TCGA-AX-A3G7-01A-12R-A213-07,4.484,5.7370586,5.0936494,3.1459188,13.060336,4.0665107,0.0,2.4079494,5.937669,0.0,0.0,0.0,4.9903965,3.534085,0.0,1.1389859,3.2892342,0.0,2.4841166,7.3406625,0.16240999,0.0,0.0,0.0,0.0,0.0,0.0,0.7811302,0.0,9.284598,5.6549706,5.466532
TCGA-EO-A3KW-01A-11R-A22K-07,3.6509862,3.4822388,5.142698,2.1513476,10.922855,6.3714333,0.0,0.0,0.0,0.0,0.0,0.0,6.1274004,0.0,0.0,0.7667776,4.977018,2.9524248,0.0,0.45490515,0.0,0.94981265,0.0,0.0,0.0,0.0,0.0,0.0,0.0,11.11939,0.0,2.6660676
TCGA-D1-A16J-01A-11R-A12I-07,0.9924956,7.1050487,12.235195,0.0,6.004774,0.0,3.5745432,0.0,12.715316,0.6423105,16.208738,7.304124,0.0,0.0,0.0,17.987867,0.0,4.9773507,2.966655,0.0,0.0,0.0,0.0,0.0,0.0,5.974229,0.0,0.0,0.15020068,0.78284895,0.0,0.0
TCGA-FI-A2D0-01A-11R-A17B-07,1.2829573,3.4586403,0.0,0.35114396,0.0,6.247509,0.0,0.0,0.85503805,0.0,0.0,0.0,0.0,5.4395494,6.7849627,4.659674,2.3735435,3.2633147,1.9346375,0.0,0.25905794,1.0240922,3.5837893,0.0,0.0,3.6681805,3.6259642,0.0,6.5704556,1.4122558,0.0,0.0
TCGA-DI-A1BU-01A-11R-A137-07,4.4398804,0.0,0.0,6.811583,2.9476955,6.066946,10.310957,3.9143667,0.0,0.0,1.3391914,0.0,0.0,2.1215975,0.0,0.0,0.0,4.0821958,2.9759095,0.0,0.0,0.0,0.0,0.0,2.9966116,3.3364503,1.9228051,0.0,4.6478167,0.0,0.0,0.08331374
TCGA-AX-A3G4-01A-11R-A213-07,5.3868003,0.0,0.0,6.974609,0.0,3.181285,0.0,0.0,0.15256497,0.0,0.0,0.0,0.85261905,8.97208,2.8647146,0.0,0.0,0.0,9.786338,3.0856788,0.0,0.0,5.607607,2.542848,10.237356,0.0,1.7580367,3.0396576,0.0,4.3943763,5.5792327,0.0
TCGA-AJ-A2QM-01A-11R-A18M-07,9.283323,0.0,0.0,0.0,0.0,8.059121,0.0,0.0,2.7302923,0.0,0.0,6.8735332,11.5108595,6.6181345,10.969362,2.3124707,11.433483,2.2497568,0.0,0.0,0.0,2.6585028,8.213693,0.0,1.7548181,0.0,0.0,8.755665,0.0,1.4159001,0.0,0.0
TCGA-D1-A160-01A-11R-A118-07,0.4398861,0.0,1.8498477,0.0,1.9078969,6.5674977,3.3541362,0.0,0.0,0.24537611,0.49583742,5.0720444,0.0,0.0,0.0,0.0,0.0,0.0,4.3293915,0.0,0.66429013,0.02523797,0.0,2.9809868,2.3333943,10.130276,0.0,0.26319072,5.751604,0.0,0.80449057,12.482881
TCGA-D1-A0ZN-01A-11R-A118-07,0.0,0.0,0.0,0.0,0.0,1.2109393,0.9481878,1.0183887,0.07745188,7.4649878,0.0,4.761212,0.0,8.574915,2.3778548,0.52517796,0.0,6.412493,5.097915,0.8904643,14.84573,8.696673,0.0,0.0,4.2466025,10.581559,2.1341786,0.0,0.0,0.0,0.0,4.0678253
TCGA-B5-A11Y-01A-21R-A10J-07,0.0,3.6851282,7.677744,0.0,0.5972549,1.9820212,0.0,0.0,5.849348,1.0862827,0.0,5.0494223,0.0,0.0,0.0,7.461967,2.887774,3.9967577,3.288464,1.158946,0.0,10.226035,0.0,0.28582308,0.0,3.2849352,0.0,0.0,0.0,1.6397032,0.0,6.165421
TCGA-D1-A17N-01A-11R-A12I-07,0.0,0.0,3.6011837,0.0,0.0,0.0,0.0,1.3522191,8.585297,12.571153,9.482774,1.1965418,0.0,5.558931,0.0,0.0,2.2117472,0.0,12.295631,6.5326777,6.348105,0.0,3.3793988,3.326344,0.0,0.0,0.20009792,0.0,0.0,0.0,3.6282198,0.0
TCGA-B5-A1MS-01B-11R-A22K-07,1.8455254,1.3896477,0.0,0.0,5.124375,0.0,0.0,3.4698906,9.556803,0.0,0.0,0.0,8.820796,7.9164457,3.9119658,0.0,10.648805,5.149088,0.0,5.0331984,0.0,3.4645388,5.427182,0.0,3.096776,0.0,0.0,13.939324,0.0,3.5916939,0.0,0.0
TCGA-B5-A0JX-01A-21R-A14M-07,0.0,2.458611,7.6804137,0.0,0.0,1.1341366,0.0,0.0,0.0,2.9402149,0.0,0.0,0.0,0.0,0.0,1.9120412,1.220617,4.821451,5.238361,7.953328,1.5654432,4.598338,6.9475923,0.0,0.0,0.0,6.129412,0.0,0.0,0.77222514,0.0,0.0
TCGA-AJ-A2QO-01A-11R-A32Y-07,0.0,20.762844,6.318353,2.419169,3.1667461,0.0,16.816135,0.0,0.0,0.720182,6.015241,0.0,7.243858,0.0,0.0,11.746638,0.0,0.0,3.5772169,0.88375413,0.0,0.2816465,0.0,0.0,0.0,7.5108194,8.591927,0.0,1.8379409,0.2791053,0.0,0.0
TCGA-K6-A3WQ-01A-11R-A22K-07,5.8762774,1.5996919,0.0,4.3467455,3.608405,6.9048457,0.0,3.3810697,7.7942753,0.0,0.0,0.0,9.394013,10.484551,4.116032,0.0,14.670866,0.7123342,0.0,5.6044884,0.0,0.48307818,4.879064,0.0,0.5939697,0.0,0.0,12.585995,0.0,3.9975479,1.2148281,0.0
TCGA-A5-A0GV-01A-31R-A16W-07,0.0,0.0,0.0,0.0,2.529458,5.59493,0.0,1.8952835,1.2488447,5.831596,0.0,1.8335177,4.4576936,0.0,8.563416,0.0,6.6701717,0.0,0.0,0.0,6.5768623,4.8228455,0.0,0.0,5.4007587,4.0721555,0.0,2.79079,0.0,0.0,8.896489,8.679868
TCGA-EY-A1GU-01A-11R-A13S-07,0.0,4.496916,0.0,0.0,0.0,9.925595,0.0,0.0,0.0,5.8579645,0.0,11.63029,0.0,0.0,3.9645495,0.0,1.191375,5.542297,0.0,0.0,0.4254393,9.917607,0.0,0.0,0.0,11.180877,0.0,4.4586024,0.0,0.0,0.0,2.9402952
TCGA-EO-A22U-01A-11R-A180-07,5.2864947,0.0,1.5711867,8.709154,0.0,0.0,11.654797,0.0,0.0,0.0,0.0,0.0,10.229583,0.0,7.0803905,11.008333,0.0,1.2877572,0.0,0.0,10.992556,0.0,0.0,7.7549143,0.11136676,2.8224528,10.852311,0.0,5.041176,0.0,0.0,8.335009
TCGA-AP-A0LM-01A-11R-A118-07,1.9317404,0.0,0.1540881,10.441405,0.0,3.2593422,1.5784407,0.0,3.1092677,0.0,0.0,0.0,0.0,16.127161,0.0,0.0,0.0,1.0955274,16.283964,0.5327207,0.0,0.0,0.0,4.7027526,3.332557,5.038018,1.5975624,0.0,2.7140234,3.2755096,0.29972208,6.8735533
TCGA-AJ-A3EM-01A-11R-A213-07,10.216536,1.1571984,0.0,12.3041725,0.0,10.036389,5.6734185,0.81014806,0.0,0.0,0.54190063,0.0,10.355616,1.8101547,9.390045,0.0,0.0,0.0,5.9376616,0.0,0.0,0.0,7.663451,0.6837246,12.261636,0.0,0.21135235,3.9101136,2.8392045,12.432506,4.2828736,0.0
TCGA-B5-A0K9-01A-21R-A104-07,4.5765634,10.276425,4.2791867,0.0,3.6921294,6.8381286,6.4605937,0.0,0.0,0.0,6.268577,8.724601,3.9794946,0.0,0.0,6.578046,0.0,0.5953119,0.0,0.4682321,0.0,0.0,0.0,0.0,0.0,10.044028,0.0,0.0,2.0888116,0.0,0.0,0.0
TCGA-AP-A0LP-01A-12R-A104-07,0.0,5.0283766,6.4057517,0.0,3.394857,0.0,0.0,0.0,1.6938417,7.0180774,5.3309045,0.0,0.0,0.0,0.0,0.0,0.0,0.0,0.8930012,9.883338,0.0,4.097275,0.7255049,0.0,0.0,0.0,0.0,1.7116685,0.0,0.0,9.064498,0.46566206
TCGA-D1-A17H-01A-11R-A12I-07,0.0,3.072727,0.0,0.0,0.0,1.0011672,0.0,0.0,6.513326,0.0,3.8972216,1.3857453,0.0,4.2109756,0.8630631,4.384623,0.0,2.7719593,12.541606,0.0,0.0,3.771369,0.0,0.0,0.0,7.052947,0.0,0.78961957,0.0,6.066213,0.0,1.0925502
TCGA-B5-A1MR-01A-31R-A14D-07,10.097341,0.0,8.164037,0.0,0.0,0.83552563,5.121542,10.551801,0.47185263,0.0,0.0,1.370313,0.0,4.164505,0.0,0.0,0.0,9.306902,4.2697,0.0,0.0,0.0,0.0,13.277156,0.0,0.0,0.0,1.2145466,15.003041,0.0,0.0,3.025217
TCGA-AX-A3GI-01A-11R-A213-07,9.464906,0.4782764,0.0,0.45207685,9.350381,0.0,0.0,0.6252954,1.0093019,0.0,0.0,0.1392055,16.035612,0.0,3.8271217,0.0,3.6828868,3.839288,0.0,0.0,0.0,0.0,10.8796835,0.0,2.6734033,0.0,0.0,10.153617,3.5006595,12.332422,0.0,0.0
TCGA-QS-A5YQ-01A-11R-A31O-07,0.0,0.0,11.248716,1.8884245,0.50623715,0.0,0.0,0.0,0.0,6.0645475,0.2846246,0.0,0.0,0.0,0.0,0.0,4.168835,0.0,1.029437,12.31892,0.6237081,1.1634136,1.1298399,4.5815682,0.0,0.0,5.910518,0.0,0.0,0.0,9.548282,3.665119
TCGA-AP-A1E3-01A-11R-A137-07,0.14592583,1.4688143,0.0,14.521693,0.0,0.22364376,4.6593328,0.0,0.0,0.0,0.0,0.0,1.0104584,19.7317,6.0298414,5.6014857,0.0,0.0,17.392534,1.1577657,5.7880387,0.0,2.0571656,3.2634244,8.311589,5.061471,8.927639,0.0,0.0,1.3908045,5.0963035,2.8408027
TCGA-EY-A3L3-01A-11R-A22K-07,8.111805,0.0,0.0,4.5174317,2.9719024,3.0493462,0.0,12.862967,1.2122133,0.0,0.0,0.0,9.162223,1.9110991,2.008062,0.0,4.827848,4.122788,0.0,3.9319096,0.0,0.0,8.116447,1.8947684,7.3239193,0.0,0.0,10.627516,0.8256943,6.630629,0.0,0.0
TCGA-D1-A16S-01A-11R-A12I-07,0.12702645,2.9334936,0.0,5.5830398,2.477273,0.0,0.0,3.8324242,11.209962,1.8799384,8.698557,0.0,0.0,6.635431,0.58212465,0.0,3.8826654,0.0,0.0,3.4224744,0.0,0.0,7.317846,0.0,0.0,0.0,0.0,10.648275,0.0,0.0,1.6920679,0.0
TCGA-D1-A17F-01A-11R-A12I-07,0.0,8.419144,6.882108,0.0,4.705168,0.0,0.7928742,0.0,0.5499484,8.099449,1.0891289,0.0,0.0,0.0,0.0,0.0,0.0,0.0,2.6005218,9.316987,0.0,3.8789244,0.0,0.0,0.0,0.0,0.0,0.0,0.0,0.0,6.6814294,8.744282
TCGA-A5-A0GD-01A-11R-A16W-07,0.0,6.643441,8.012575,0.0,4.804987,0.0,6.5664434,0.0,0.0,6.617338,3.4832203,1.4162803,0.0,0.0,0.0,0.0,0.0,0.0,0.0,2.1371822,0.0,4.7128553,0.0,0.0,0.6331335,0.0,5.3335776,0.0,1.6969713,0.0,3.7813902,3.542232
TCGA-D1-A16Y-01A-31R-A12I-07,0.0,0.0,0.0,0.0,2.868469,0.0,0.0,10.896602,8.748353,12.44918,13.49606,0.0,0.0,2.808707,2.4914966,0.0,1.9877144,3.948184,0.0,0.0,4.0349817,0.0,3.4593823,0.0,0.0,0.0,0.0,0.0,0.0,0.0,0.0,0.0
TCGA-B5-A1MV-01A-31R-A14D-07,0.0,9.350142,0.0,0.3741482,0.0,1.7967526,1.7389026,0.8013204,1.7404809,2.8593032,0.0,0.0,5.7433724,3.2737455,2.244998,6.5416903,1.0085421,0.0,5.308138,4.7047586,5.9358306,7.8396235,2.767558,0.0,0.0,0.9825256,6.5240026,0.0,0.0,3.1402242,4.7835774,0.9332559
TCGA-BG-A2L7-01A-11R-A18M-07,2.9860234,0.0,4.534745,0.0,0.0,0.0,0.0,0.0,4.7408857,0.0,0.0,1.7944518,0.0,4.532447,0.5136732,11.796031,4.522181,4.129358,9.339382,0.0,1.218722,6.4583125,11.142947,10.71014,0.0,0.0,8.509043,0.0,0.0,3.625594,0.0,0.0
TCGA-A5-A0R9-01A-11R-A104-07,0.0,0.0,2.0168266,2.6573904,0.0,0.0,0.0,0.0,0.21393502,8.6261,1.8302398,1.3774171,0.0,0.2819029,0.0,0.43940318,4.253856,0.0,5.417133,4.885138,8.685375,0.0,5.8488994,8.138837,2.1103086,0.0,9.897324,0.0,0.0,0.0,7.0685654,0.0
TCGA-DF-A2KR-01A-11R-A180-07,1.6011115,6.6782603,5.093646,0.0,7.0834827,4.51748,0.0,0.0,8.93684,0.0,0.07167402,5.9856844,13.357842,0.0,6.5481668,7.664397,4.9993744,0.0,0.0,0.0,0.0,4.2866135,0.0,0.10819911,0.0,4.0725193,0.0,2.2297106,0.0,8.446976,7.8411927,10.997167
TCGA-B5-A11E-01A-11R-A10J-07,7.7065935,1.4752147,0.0,0.0,0.0,1.2198063,7.599253,0.0,0.0,0.0,0.66610205,3.5090885,4.255978,2.034583,6.3321075,6.337507,0.0,0.64173377,4.5657287,0.0,1.7830061,0.044456832,5.121954,0.0,4.902334,2.3503244,2.0177336,0.0,1.5622947,2.193483,1.3146384,0.0
TCGA-EO-A3AZ-01A-12R-A19W-07,7.431536,0.0,11.228348,21.008211,10.232052,0.0,1.3421359,4.8100615,5.0985556,0.0,9.857058,0.0,0.0,15.818469,0.0,0.0,2.7567565,0.059164986,0.0,0.0,0.0,0.0,0.0,2.8162315,0.0,0.9022218,0.0,0.0,5.0446987,0.0,0.0,8.280967
TCGA-BK-A0CC-01B-04R-A277-07,4.8775826,0.0,0.0,0.0,0.0,0.5135684,0.0,12.204078,3.9585884,0.0,0.0,0.45719498,20.552378,24.072844,0.0,0.0,1.9990429,27.414495,0.0,7.5005994,0.0,5.074329,0.0,4.2395473,10.297038,0.0,0.0,15.153787,9.34779,0.0,0.0,2.5136194
TCGA-BK-A0CC-01A-21R-A16W-07,9.239029,2.4317064,0.0,0.0,2.360717,0.0,0.0,14.35038,3.4658432,0.0,0.0,0.0,5.3962092,14.21264,0.0,0.0,0.0,15.9302025,0.0,0.14895807,0.0,0.0,1.2248663,0.0,0.0,0.0,0.0,13.543703,12.083682,0.0,0.0,0.0
TCGA-BG-A222-01A-11R-A157-07,3.0352352,8.450936,3.7302158,0.0,1.2521844,9.837979,3.9074247,0.0,0.0,0.0,3.8026028,5.568291,4.158191,0.0,3.9718082,3.4990916,0.21628864,2.9024038,0.0,0.0,0.0,0.0,4.685747,0.0,0.0,3.650687,2.547616,0.0,4.461255,4.4968204,0.0,0.0
TCGA-AX-A2HJ-01A-11R-A17B-07,0.0,0.0,0.0,2.5692067,0.0,1.4147882,5.362614,0.0,0.0,3.707967,0.72163975,0.73748577,0.0,3.7338238,2.7950115,0.0,0.0,0.0,9.169903,2.9474077,4.5736513,0.0,6.5684576,5.365501,10.13215,0.52325916,9.973827,0.0,0.0,0.0,1.4376667,0.0
TCGA-DF-A2KZ-01A-11R-A213-07,0.0,2.645667,5.182651,6.6927333,3.3607004,16.162237,0.34017453,4.4665484,0.0,2.787009,0.82819283,0.023464724,0.0,5.485744,0.0,0.0,2.8164365,1.0172546,1.3972244,0.0,5.166653,0.0,0.0,0.0,0.0,10.756947,0.5585727,0.0,4.3337994,0.0,0.0,10.357
TCGA-D1-A167-01A-11R-A12I-07,0.0,0.0,0.0,1.8255608,6.231408,0.0,0.0,0.0,0.81819016,0.0,1.056972,0.0,1.9606774,0.0,13.295078,0.0,0.4801194,0.0,0.0,0.0,0.0,1.436199,0.0,0.0,6.397355,0.0,3.8421702,0.0,6.79986,9.176692,0.0,0.0
TCGA-AX-A1CA-01A-12R-A137-07,10.286441,0.38111278,3.2342312,0.0,7.6166887,0.0,0.0,6.774736,11.747193,0.0,7.023922,3.928379,0.0,5.5105324,0.0,0.066742815,0.0,0.044479296,0.08334547,4.278671,0.0,0.0,0.0,0.0,0.0,0.0,0.0,12.137243,0.6547293,0.7455361,0.5413626,2.7606406
TCGA-FI-A2F4-01A-11R-A17B-07,0.0,0.0,7.120773,0.0,0.9353569,1.0675498,3.5966756,0.0,0.0,2.0107646,0.5554198,10.640524,0.0,0.0,0.0,0.0,0.0,0.0,0.0,0.0,0.0,4.6138134,0.0,3.4478562,3.227255,0.0,5.049991,0.0,1.316936,0.0,0.298029,1.4580294
TCGA-EY-A215-01A-11R-A14M-07,3.5346916,1.8454068,1.7238495,0.0,4.876828,0.0,7.429946,0.0,0.0,0.0,2.3406608,7.9936247,3.4489732,0.0,0.0,3.593767,0.0,0.0,0.0,0.0,0.0,0.0,0.0,0.0,2.1971714,3.588539,0.0,0.45000848,6.5251536,0.0,3.935118,2.428913
TCGA-A5-A0GX-01A-11R-A040-07,0.0,0.0,0.0,0.0,0.0,0.0,0.0,0.9400712,9.285663,11.977494,10.494862,6.209117,0.0,6.460296,0.0,0.0,1.0538739,0.0,11.379225,2.0178883,12.019678,1.05189,4.3504686,3.0971568,0.0,4.041126,1.2279986,0.0,0.0,0.0,2.5205386,0.0
TCGA-A5-A0GI-01A-11R-A040-07,0.0,0.0,1.1375273,0.33108753,0.0,1.3298002,6.421758,0.42845294,0.0,8.634234,5.2427945,2.8195639,0.0,0.0,0.0,0.0,0.0,0.0,5.5595,3.5233984,12.463022,0.5975591,0.0,0.2332446,0.99352795,6.320734,5.6329446,0.0,0.0,0.0,4.93855,3.3671489
TCGA-A5-A0G2-01A-11R-A16W-07,0.0,0.0,0.13582118,2.8598394,0.8540569,1.3874215,6.357011,3.4297552,0.0,0.0,0.0,0.0,0.0,0.0,0.76908165,0.0,0.0,3.3740444,0.0,0.0,0.0,0.0,0.0,9.967923,8.176812,1.8646644,1.1805608,0.56891596,25.701435,2.1234753,0.0,10.57138
TCGA-AX-A2H2-01A-11R-A180-07,10.881677,0.0,8.518982,2.7950084,6.8697615,0.0,0.0,3.504671,14.905006,0.0,2.347761,0.0,0.45053738,2.809838,0.0,6.763014,3.6503465,4.4087753,2.6434157,0.0,0.0,0.0,0.0,6.3452725,0.0,0.0,0.0,6.427014,0.24901207,11.370042,0.0,2.0534515
TCGA-AX-A1C5-01A-11R-A137-07,0.0,14.6449995,0.0,4.913277,0.0,0.0,1.4458972,0.0,0.0,3.9534342,5.454915,0.0,4.706942,0.0,10.923708,6.993504,2.2717586,0.0,0.0,0.0,0.0,0.2778191,14.201983,0.0,0.0,0.0,12.360867,0.0,0.0,4.2332463,0.15139921,0.0
TCGA-A5-A2K5-01A-11R-A180-07,0.0,0.0,3.5167367,12.810639,6.98277,0.0,8.376879,3.0568624,0.0,1.3109431,1.9540673,0.0,0.0,0.0,0.0,0.05116985,0.0,0.0,1.05279,0.0,8.724915,0.0,0.0,3.0305495,0.0,0.0,7.695909,0.0,0.0,0.0,8.3770485,4.751582
TCGA-AX-A3G9-01A-11R-A22K-07,0.0,0.0,0.0,13.3461485,5.2940035,4.151648,2.9548688,0.0,0.0,0.0,0.0,0.0,11.784217,2.0661025,8.141535,0.0,0.0,0.0,0.0,0.0,0.0,0.0,0.0,0.3215273,9.545865,4.9842715,1.8936409,0.0,7.321638,0.0,0.0,12.0806875
TCGA-B5-A1MW-01A-11R-A32Y-07,4.8979354,0.0,0.0,3.3095322,0.0,0.6514476,3.3398383,0.0,0.0,0.0,0.0,0.5547479,13.119069,0.0,16.097473,3.5675905,0.67391217,0.9378872,0.0,0.0,0.0,0.0,5.40644,0.0,4.4937615,0.0,2.5223165,0.0,4.130223,0.0,0.0,0.0
TCGA-B5-A11F-01A-11R-A10J-07,0.0,0.0,0.0,2.372681,0.0,0.0,0.0,2.4902508,1.8994023,8.624268,0.0,0.0,0.0,3.3608983,5.394404,2.0707407,3.8273454,0.0,1.072258,0.0,13.859734,1.7889838,4.9030237,5.348482,6.972603,0.0,11.999573,0.0,0.0,0.0,1.3982241,0.0
TCGA-KP-A3W4-01A-11R-A22K-07,1.2681462,0.78450656,0.0,1.6105868,0.0,6.655678,0.0,3.4324422,0.0,0.0,0.0,0.0,4.3047934,8.905435,0.0,0.0,8.859137,7.890309,4.1093497,10.328329,0.0,3.939506,8.81311,0.6344743,2.2871597,0.0,1.2370626,3.7677598,0.0,5.888742,0.0,0.0
TCGA-BG-A0RY-01A-11R-A104-07,0.0,6.5394344,2.542017,0.0,2.3864565,9.163442,0.0,0.0,5.274739,2.0406194,0.06540224,5.2503304,7.5875015,0.0,9.704906,4.8878884,7.460921,0.0,0.0,0.0,0.022047915,8.421945,0.0,0.0,0.0,6.9251437,0.0,0.33488193,0.0,5.7553754,6.3451505,8.6672535
TCGA-AP-A1E4-01A-12R-A137-07,0.0,0.0,0.0,5.326596,0.0,11.235008,0.0,19.75666,4.3979692,5.1315293,0.0,0.0,0.0,7.706341,6.533721,0.0,0.0,0.20636658,5.248382,0.16178407,0.4040289,0.0,2.500394,0.704737,12.415814,0.0,1.4197632,5.508303,0.0,7.502547,2.2397861,0.0
TCGA-B5-A121-01A-31R-A118-07,0.0,1.7845272,0.0,0.0,0.0,0.0,0.0,0.0,0.0,9.951869,0.0,0.0,0.0,0.0,0.0,0.0,0.3896042,0.0,2.4945247,13.836935,1.6034051,9.43073,6.4345016,0.0,4.3273077,0.0,3.2598467,0.0,0.0,0.0,4.6503854,0.0
TCGA-D1-A1NZ-01A-21R-A14D-07,0.0,1.1906551,4.9207225,0.0,0.055232648,2.7987134,3.8381932,0.0,0.0,5.408282,0.029770106,7.4204483,0.0,0.0,0.0,0.0,0.0,1.3938742,2.798719,9.489832,0.0,7.027135,0.0,0.0,1.5449507,1.4207697,0.0,2.9635818,0.0,0.0,0.0,2.586662
TCGA-AX-A06F-01A-11R-A00V-07,5.9977813,4.505274,9.936403,5.0670824,0.0,1.540065,15.027197,0.0,0.0,0.0,6.61991,0.07697873,0.0,0.0,0.0,7.501864,0.0,3.1619525,6.933161,0.0,0.0,0.0,0.15206379,0.76864344,0.0,4.3317337,7.4184947,0.0,5.145282,5.877856,0.0,0.0
TCGA-AP-A1DR-01A-11R-A137-07,0.0,2.9974518,0.0,8.191993,0.0,4.7444715,4.5922894,0.0,0.0,0.0,0.0,0.0,6.027694,0.0,12.18552,7.6896315,0.0,0.0,2.4395921,0.0,0.0,1.8578374,0.0,0.0,0.26901072,12.284274,9.169033,0.0,6.50704,1.6031559,0.0,11.029866
TCGA-A5-A0GG-01A-11R-A118-07,2.593676,0.0,5.0227494,0.0,0.0,0.0,3.5998375,0.7592184,0.0,0.0,2.6967895,1.6759357,0.0,2.3194141,0.0,0.0,0.0,2.2120469,11.009343,12.482519,0.0,0.5287512,9.98969,0.0,0.15274508,0.0,0.0,2.2274945,0.0,0.1812386,0.0,0.0
TCGA-A5-A7WJ-01A-12R-A34R-07,0.0,1.0494618,0.0,0.0,9.781068,1.4674186,8.566906,0.0,0.0,0.045450866,0.0,12.952027,7.5424104,0.0,5.3003364,0.0,0.0,1.3101463,0.0,0.0,0.0,5.1569185,0.0,0.0,7.9062753,11.113199,0.0,0.04785046,0.0,0.0,0.0,4.66554
TCGA-AX-A3FX-01A-11R-A22K-07,6.9262395,0.0,2.1173158,1.1399306,0.0,0.15779932,4.403539,0.0,0.0,0.0,0.0,1.6199293,1.586319,0.90016615,0.0,0.0,0.0,0.0,4.4477944,9.238276,0.0,0.0,0.0,5.5006957,6.628539,0.0,0.0,4.427468,2.9378874,0.0,7.3256397,6.4380155
TCGA-DF-A2KS-01A-11R-A18M-07,13.652007,6.471213,4.774871,3.2575355,0.0,0.0,10.555604,0.0,5.889871,0.0,0.8591745,6.079929,20.762947,0.0,3.0564508,21.609838,0.0,0.0,3.3832421,0.0,0.0,0.0,0.0,6.90513,0.0,6.5332813,0.0,0.0,12.630895,6.3021436,5.424862,11.461162
TCGA-D1-A15W-01A-11R-A118-07,0.0,9.2136965,0.0,0.0,0.04623932,0.0,0.0,0.0,4.0282707,3.389283,0.0,0.0,2.3307807,3.4674256,0.0,5.674332,0.9077217,4.913778,2.9498374,4.94139,1.55181,11.376302,0.0,0.0,0.0,3.4176924,0.0,0.0,0.0,0.0,0.0,2.442051
TCGA-A5-A2K3-01A-11R-A32Y-07,4.8885055,0.0,17.953194,11.129136,0.059033874,0.0,1.6613644,0.0,0.0,0.0,0.0,0.0,0.0,1.612688,0.0,0.04169748,0.0,0.21678351,0.0,0.0,0.0,0.0,0.0,17.41386,0.0,0.0,0.25204504,0.0,19.417141,0.0,0.0,20.579967
TCGA-A5-A1OJ-01A-11R-A14D-07,0.0,7.5119705,0.0,3.4391146,0.0,3.2268443,0.0,0.41108853,4.3082213,3.5870178,0.068440124,0.0,0.0,13.02771,0.0,0.0,0.0,0.0,14.225626,8.598265,2.3860881,2.6152458,0.0,0.0,2.7124798,7.02816,0.0,3.5880625,0.0,0.3526249,5.527016,5.3181934
TCGA-D1-A1O7-01A-11R-A14D-07,0.0,10.11734,2.7481415,0.0,4.417762,0.0,1.2033802,0.0,0.0,7.1951056,2.6343787,0.0,0.0,0.0,0.0,0.0,0.0,0.0,0.0,6.6178756,0.0,4.0470767,0.0,0.0,0.0,0.0,0.0,0.0,0.0,0.0,3.6107116,0.0
TCGA-B5-A11R-01A-11R-A118-07,0.17100917,8.128665,7.5726275,0.0,0.0,4.529144,12.505533,1.065798,0.0,0.0,0.0,6.9175453,12.410531,0.0,0.0,0.0,0.0,0.0,3.6265113,19.60861,2.6587138,1.6674762,15.56231,0.0,0.0,0.0,10.66663,0.0,0.0,0.0,4.978659,0.0
TCGA-BG-A0VW-01A-11R-A118-07,0.0,6.9996147,4.616362,1.3564616,2.3005638,0.0,1.9847361,0.0,0.0,5.1526823,1.8258855,0.0,0.0,0.0,0.0,0.0,0.0,0.0,5.142105,7.1362143,0.0,2.2257965,0.0,0.0,0.0,0.0,1.1402329,0.0,0.4867529,0.0,5.256966,4.922336
TCGA-AJ-A3OJ-01A-11R-A22K-07,0.0,4.305403,5.1113744,4.619606,2.1893857,10.785776,4.429765,0.0,0.0,0.0,0.0,0.0,0.0,0.0,0.0,0.0,0.0,4.942781,1.0472363,0.62328666,0.0,0.0,0.0,0.0,0.0,5.011929,5.9102664,0.0,7.1556406,0.0,0.0,4.3477454
TCGA-BG-A0MT-01A-11R-A104-07,0.0,0.0,0.48602945,0.0,0.0,0.0,0.0,0.0,0.7930387,1.3241799,0.0,7.9437275,0.0,0.0,4.4775996,4.008318,7.3938627,0.0,0.62216747,0.0,0.0,9.246932,6.060352,10.04567,3.270328,0.0,5.3677096,0.0,0.0,1.1956944,7.838008,0.0
TCGA-B5-A3FB-01A-11R-A19W-07,0.09028815,8.564769,5.0323625,2.326201,0.0,6.105341,1.2240505,0.0,0.0,0.0,0.0,0.0,14.495177,0.0,0.30815005,4.3042254,1.7607766,0.0,1.0126033,7.6343403,0.0,5.268366,6.5775127,0.0,0.0,0.0,9.089672,0.0,0.0,3.4524424,1.9348853,0.0
TCGA-A5-A0G1-01A-11R-A118-07,0.0,0.0,17.150906,1.2631894,6.399591,0.0,0.0,0.0,9.124714,2.6492534,5.3483443,0.0,0.0,0.0,0.0,10.709489,5.92827,5.8730793,0.0,0.0,0.0,0.0,0.0,2.7731478,0.0,0.0,0.0,0.0,2.0845087,0.0,0.0,9.166667
TCGA-EY-A4KR-01A-11R-A27V-07,7.4063363,3.1212869,7.2621803,5.7350683,2.4903078,4.7858567,0.0,0.0,1.0925765,0.0,0.0,0.0,5.539922,7.4334354,0.0,4.9632564,7.9001718,12.32282,0.0,0.0,0.0,0.0,0.7261573,0.43154305,0.0,0.0,0.0,4.491882,8.003565,8.432247,0.0,0.0
TCGA-EO-A3L0-01A-11R-A22K-07,2.8405528,2.45814,0.0,2.5032203,0.0,4.9025555,1.043809,0.0,0.0,0.0,0.0,0.267052,5.8796325,1.3290241,3.3168664,2.824959,0.67673045,0.0,4.9435787,3.8971648,1.7791327,2.4959147,4.058358,0.0,4.0175896,0.0,3.3050108,0.4906868,0.0,1.618926,7.5629106,0.14821434
TCGA-BK-A56F-01A-32R-A27V-07,0.0,0.0,0.0,0.0,0.0,0.9180361,3.457619,0.0,0.0,1.4983919,0.0,2.1643877,2.5707748,6.2173815,0.0,0.0,0.0,0.93593556,5.4534593,14.23849,7.9766173,7.258773,5.487159,0.0,6.4737134,0.0,5.1817746,0.0,0.0,0.0,1.1787778,0.0
TCGA-AX-A06D-01A-11R-A118-07,0.0,12.131326,2.3727276,0.5013789,0.7756107,10.198884,0.0,12.150119,9.210076,4.0021105,0.33366606,0.0,7.434787,0.0,2.4574037,0.0,1.9000903,0.0,0.9013594,0.10336469,0.0,2.7214544,0.0,0.0,0.0,0.0,0.0,10.413519,3.1761644,8.009436,7.9340024,6.093961
TCGA-EY-A1GO-01A-11R-A14D-07,1.2187128,0.0,0.0,4.3574023,7.0866537,0.08949439,0.0,16.368843,0.0,1.3196385,0.0,0.0,3.265109,2.5845935,4.773297,0.0,2.8263974,8.650364,0.0,0.0,0.0,0.0,0.2807503,0.0,1.9452548,0.0,0.0,0.0,0.0,0.0,0.0,0.0
TCGA-AP-A0LN-01A-11R-A040-07,0.0,0.0,2.8192675,0.0,0.0,0.0,0.0,2.6391385,2.3498025,15.209323,3.9854314,5.4322667,0.0,0.0,0.0,0.0,5.8255544,0.0,1.8369842,6.597544,11.020642,2.5948331,3.2995636,1.9307898,0.0,0.0,3.1003795,0.0,0.0,0.0,0.96309376,0.0
TCGA-EY-A3QX-01A-11R-A22K-07,14.6379595,0.2921012,1.2041821,0.0,9.1335945,7.0808005,6.619701,6.11207,0.0,0.0,0.0,9.011231,9.349733,0.0,0.0,4.972422,0.0,9.7841,0.0,0.0,0.0,0.0,0.0,0.0,0.0,2.0170693,0.0,0.0,0.7413901,0.7513857,0.0,0.0
TCGA-D1-A0ZV-01A-11R-A10J-07,0.0,6.2623763,7.9171343,0.0,3.4433374,0.0,0.0,0.0,9.21621,1.7078605,0.0,0.0,0.0,1.056185,0.0,4.4683166,1.7319096,1.7676592,5.5324106,12.215389,0.0,8.163499,0.0,0.0,0.0,0.0,0.0,1.6256152,0.0,0.22071554,2.828097,3.3547747
TCGA-EO-A1Y7-01A-11R-A157-07,4.1380773,0.6306593,3.4000328,0.94154495,1.5059263,0.0,12.187895,0.0,0.0,0.0,2.8044286,5.1205034,10.178248,0.0,0.0,0.0,0.0,0.0,0.0,5.497677,0.0,0.0,1.0045643,5.1065383,4.341694,0.0,1.9545262,0.9836683,1.581751,0.0,15.588099,3.8538818
TCGA-FI-A3PX-01A-11R-A22K-07,9.531333,0.0,0.0,5.6939697,0.5286561,2.0354156,0.0,5.360049,0.0,0.0,0.0,0.0,12.303565,0.0,0.043956473,0.0,0.74473685,3.0905354,0.0,3.8280501,0.0,0.0,11.218699,2.0305536,9.475931,0.0,0.0,16.597198,8.13814,4.4508476,0.0,0.0
TCGA-DI-A1NN-01A-11R-A16F-07,9.13912,0.0,4.4567003,4.3348536,5.8669853,0.0,0.0,1.8197234,5.7855287,0.0,0.075372964,0.0,1.7712685,1.1239004,0.9958088,4.381532,5.0303082,7.1757274,0.0,0.0,0.0,0.0,4.097428,5.9860897,0.0,0.0,0.81483716,0.52129745,0.55044997,14.122789,0.0,0.0
TCGA-A5-A0VO-01A-21R-A109-07,0.0,0.0,0.0,0.0,0.0,0.0,2.0275443,0.0,0.12094614,2.2384331,0.0,0.0,0.0,1.7873647,0.0,3.4521713,0.0,0.0,5.258058,4.334934,6.0532126,4.178171,0.18534034,0.8479197,1.7766154,0.08771661,3.629846,0.0,0.0,0.0,2.8265939,1.1419009
TCGA-BK-A4ZD-01A-11R-A27V-07,2.6426606,0.0,0.0,7.0172153,0.0,5.0752735,4.3341074,0.6796946,0.0,0.0,0.0,0.5293996,8.5053835,0.0,10.325172,0.0,0.0,0.180449,0.0,0.0,0.0,0.0,0.0,9.054372,15.660622,0.0,7.813351,0.0,5.975995,4.060888,0.50598353,5.7874928
TCGA-4E-A92E-01A-11R-A37O-07,0.0,0.0,0.869786,0.0,0.0,5.756995,0.0,0.0,0.0,1.8524148,0.0,7.8014326,0.0,1.5292289,0.0,0.0,8.99595,10.326392,0.23424864,6.389009,8.199435,9.51724,4.114101,5.766449,0.23349257,0.0,3.6334844,0.0,0.0,0.0,0.0,0.0
TCGA-BK-A13B-01A-51R-A22K-07,0.0,0.0,3.454241,1.5996526,4.4538374,10.522447,5.694822,0.0,0.0,4.6735473,0.0,12.5330515,9.429631,0.0,3.703856,0.0,1.1496221,0.9690094,0.0,0.0,14.295151,5.1651917,0.0,1.8954357,0.0,15.583294,5.6068144,0.0,0.6199251,0.0,0.0,20.121008
TCGA-D1-A16F-01A-11R-A12I-07,0.0,16.159124,0.0,0.0,0.38513145,0.0,0.8682382,2.0834093,4.5854597,6.271135,1.6011682,0.0,2.2062168,8.95722,0.0,7.234783,0.0,3.806168,5.84902,9.461794,5.5588994,7.2909613,3.8130085,0.0,0.0,7.7317047,0.73368937,0.0,0.0,0.0,0.0,0.0
TCGA-A5-A0GW-01A-11R-A16W-07,8.62053,0.0,4.641932,6.9021635,0.0,3.6249802,3.6448514,0.0,4.0735364,0.0,0.0,0.0,0.0,11.347606,3.5229683,14.964365,0.5439081,2.8006809,6.401992,0.0,11.502221,0.0,0.0,7.253408,0.0,4.4164324,6.0074773,0.0,2.045415,0.0,0.0,5.290742
TCGA-B5-A0K8-01A-11R-A14M-07,0.61869204,0.4030518,0.1085774,0.64847285,2.2167482,0.0,0.0,0.0,8.482712,0.018735826,1.7548254,0.0,0.0,1.93898,1.1426092,1.1810403,4.305311,3.3491786,2.6686609,0.0,0.0,1.9907746,3.119264,0.0,0.0,0.0,0.0,6.905069,1.2929428,6.078514,0.0,0.0
TCGA-KP-A3VZ-01A-11R-A22K-07,11.258248,0.5967897,0.0,6.156548,10.6328335,0.0,0.0,14.565209,3.4267771,0.0,0.0,0.0,13.817775,3.8308659,0.0,0.0,3.263481,6.40645,0.0,4.497424,0.0,0.0,12.238645,0.0,2.4230478,0.0,0.0,6.713428,0.0,14.208208,0.0,0.0
TCGA-AJ-A3EK-01A-11R-A19W-07,4.985208,1.986516,8.919054,2.7252965,2.072917,7.4290214,16.62386,0.0,0.0,0.0,0.0,3.3399622,0.0,0.0,0.0,5.7862964,0.0,13.562801,4.634087,0.0,1.0144464,0.0,0.0,0.0,0.0,11.339992,5.389128,0.0,7.3705664,0.0,0.0,5.877403
TCGA-FI-A2EY-01A-12R-A18M-07,0.0,0.91883165,0.0,8.283067,10.993138,0.94077414,0.0,9.026494,5.2999916,0.0,0.925701,0.0,1.7821076,0.0,1.175813,0.0,0.0,0.0,0.0,0.0,0.0,0.0,0.0,1.1140462,10.563966,0.0,0.0,11.438398,14.660362,0.0,6.756441,12.89704
TCGA-EY-A214-01A-12R-A157-07,2.4342608,7.42334,1.725111,0.0,0.0,2.6852098,0.0,0.0,9.376493,0.0,0.0,3.2559302,9.607552,1.5310683,1.888341,9.747732,0.0,0.0,7.3983417,0.0,0.0,6.1280227,0.0,2.1142664,0.0,5.9497237,0.0,3.253621,3.765923,7.716477,5.553309,9.471907
TCGA-EY-A1GF-01A-11R-A13S-07,0.0,0.0,0.0,0.0,0.0,0.0,13.615437,0.0,0.0,1.973728,0.0,7.2997036,5.0887737,0.4479675,0.0,0.0,0.0,1.8139994,4.167626,12.63701,9.3969755,9.770846,0.0,0.0,8.616207,3.1194088,7.6948895,0.0,0.0,0.0,0.0,4.9261346
TCGA-E6-A8L9-01A-21R-A37O-07,5.2843456,3.669202,3.3957663,5.5719347,0.049372796,8.799977,0.0,13.591297,0.0,0.0,0.0,0.0,5.5276966,9.85584,0.0,0.0,5.6328053,4.439279,3.305749,8.887024,0.9643972,0.0,7.453633,0.0,0.0,0.0,4.143603,1.0417949,0.0,7.2804856,0.0,0.0
TCGA-BG-A221-01A-21R-A157-07,8.501787,4.280178,4.658221,0.0,0.0,11.02144,0.0,3.685401,2.610358,0.0,5.0273967,2.6060672,0.0,5.5808086,0.39758557,4.418563,2.905237,4.568913,1.1356156,0.0,0.0,0.0,0.0,0.0,0.0,4.900057,0.0,5.487676,9.178975,0.6554292,0.0,0.21316692
TCGA-BG-A0M4-01A-11R-A104-07,0.0,9.396503,2.393288,0.0,1.177943,10.062211,6.2285285,6.432024,0.0,7.279661,4.073136,1.3929899,0.0,0.0,0.0,0.0,0.0,2.3368373,4.5136337,0.38550878,0.0,0.0,0.0,0.0,0.0,5.964737,3.3225179,2.293651,9.483975,1.0872674,0.0,0.0
TCGA-EY-A2OM-01A-11R-A18M-07,0.0,10.7603445,0.0,0.0,0.0,4.7540407,0.0,0.0,3.5608997,0.0,0.0,0.0,10.783118,12.800989,15.355272,10.072146,7.505238,3.1770897,0.0,0.0,0.0,6.393366,13.819688,0.0,0.0,0.30683738,2.2060685,0.0,0.0,1.8487548,0.0,0.0
TCGA-EC-A1NJ-01A-31R-A14D-07,2.7694426,0.0,1.4384713,0.0,0.0,0.0,0.6366581,0.0,0.0,0.0,0.0,5.307279,0.0,1.6889855,0.0,0.30704302,0.0,3.7640972,8.393375,5.124766,0.034511484,5.2089653,0.0,6.9532967,4.699705,0.0,2.3704038,0.0,0.0,0.0,0.0,5.070517
TCGA-B5-A3S1-01A-11R-A22K-07,7.346221,0.0,0.0,1.7790391,4.394109,3.215345,0.0,1.6390924,0.56539226,0.0,0.0,0.0,4.3705554,6.13215,1.9833052,1.6076391,8.331185,9.804564,0.0,1.4585778,0.0,0.0,6.1924367,0.0,0.0,0.0,0.0,2.8583703,0.0,4.628284,0.0,0.0
TCGA-AX-A1C9-01A-11R-A137-07,2.353366,0.0,6.913777,0.0,0.018888716,1.7082872,0.053905584,1.7081456,0.0,0.0,0.0,2.8743522,0.0,0.0,0.0,0.0,1.8202851,7.7162127,3.5054533,10.786155,0.0,4.0655494,7.282223,1.5241022,0.0,0.0,1.6569008,0.0,0.0,1.2232038,0.0,0.0
TCGA-D1-A1NU-01A-11R-A14D-07,8.297969,3.2047026,1.5592349,0.29686397,2.9768577,0.05950229,0.128247,0.0,4.4273148,0.0,0.22985321,0.0,7.2102447,0.0,1.2615429,4.92955,0.0,0.5256666,1.2149196,0.0,0.0,0.0,4.223037,0.6136381,0.0,0.0,0.0,5.6645184,6.2005234,12.680985,2.0014348,0.0
TCGA-AX-A2IO-01A-11R-A180-07,3.0864422,0.0,0.0,2.2066667,0.0,7.563607,0.0,0.0,8.522871,0.0,0.9739926,0.07483016,0.0,8.372921,3.2273176,0.0,3.408435,1.2389903,10.037657,0.0,0.0,0.0,7.121707,3.7088425,6.6469254,0.0,0.0,12.563204,0.0,10.909989,0.33124077,0.0
TCGA-BS-A0TG-01A-32R-A16W-07,0.82017744,4.7483883,1.2634606,5.1462216,0.26295522,1.8261493,0.0,2.3964353,5.609816,2.7439692,2.200905,0.0,0.0,10.452722,1.1333368,7.8190403,4.75812,1.0498495,1.6242471,0.7858275,8.0616665,0.14644599,0.0,0.0,0.0,4.2232356,0.0,0.0,0.0,0.0,0.0,2.6937566
TCGA-DF-A2KY-01A-21R-A213-07,17.073145,0.0,6.9312162,13.701538,2.2200816,1.9753355,12.623796,9.771248,0.0,0.0,16.63914,2.16068,0.0,5.961441,0.9211945,0.0,0.0,0.0,0.0,0.0,0.0,0.0,4.241395,8.141092,0.0,0.0,0.0,0.0,13.208135,0.0,0.0,0.0
TCGA-B5-A11J-01A-11R-A118-07,0.0,5.099973,2.7686808,0.0,0.27914113,0.0,6.4391136,0.0,0.0,0.54550856,0.3409414,2.9990058,3.6370702,0.0,1.585278,7.267365,0.0,0.0,3.7901947,0.0,0.0,6.196919,0.0,0.0,0.0,2.8816793,5.68515,0.0,1.9319847,4.8677654,2.6898065,0.84739816
TCGA-EY-A2OO-01A-11R-A19W-07,1.0222483,12.507381,0.0,0.0,3.0908666,11.296062,0.0,9.364505,2.74156,0.7252112,0.55505157,2.4096146,8.967069,9.864489,6.842197,0.0,5.3151784,3.735158,0.0,6.0668497,0.0,2.5722702,5.5809097,0.0,0.0,3.6270397,0.0,9.100253,0.0,0.0,0.0,0.0
TCGA-BG-A187-01A-11R-A12I-07,0.0,0.0,1.2639685,0.0,0.0,0.0,1.3497051,0.0,0.0,16.698957,7.5901937,0.91899174,0.0,0.0,2.369142,0.0,0.0,0.0,2.979831,0.0,2.221598,5.272014,3.069107,0.5557372,3.0717921,2.1972222,12.1916275,0.0,0.0,2.5271964,4.108831,0.0
TCGA-D1-A1NY-01A-11R-A16F-07,5.2228136,2.9864116,2.7148793,1.1304183,0.0,11.786573,0.0,0.0,0.0,0.0,2.5571253,2.163467,0.103585884,1.3085748,6.978659,8.233154,3.742988,0.0,3.0592988,0.0,2.421021,0.437037,5.49342,0.0,0.0,4.839673,5.292207,0.0,0.25404134,2.1840112,0.0,0.0
TCGA-EO-A22X-01A-11R-A180-07,6.5362687,0.0,2.8562944,12.517243,0.0,13.251362,9.1592045,7.91795,0.0,0.0,0.0,0.0,3.9810333,6.142605,8.942331,0.84719276,1.2890528,9.13233,0.0,0.0,7.2576337,0.0,0.0,9.333639,1.4007864,2.496496,13.055901,0.0,8.477864,3.4083114,0.0,2.128236
TCGA-AX-A0IZ-01A-11R-A118-07,4.0962124,0.0,5.227265,4.377501,0.0,8.720571,0.0,0.0,3.4311292,0.02178146,0.0,0.0,0.0,6.9251313,0.91219646,7.277315,3.7334065,2.1216915,3.0759153,0.0,7.8846684,0.0,0.0,2.4750419,0.0,7.365011,0.5458566,0.0,4.742442,0.0,0.0,8.748737
TCGA-BS-A0TE-01A-11R-A104-07,14.380439,3.299214,0.41879046,0.0,10.833638,0.0,10.6320715,7.8747325,2.3098173,0.0,9.573677,8.957583,2.9828668,7.9553285,0.0,8.489849,0.0,9.561389,0.0,0.0,0.0,0.0,0.0,0.0,0.0,7.252162,0.0,0.0,5.6769056,0.0,0.0,0.7469868
TCGA-EO-A2CH-01A-11R-A180-07,0.0,5.056512,1.2992617,0.0,3.2444289,8.339826,0.0,0.11818999,3.7210011,0.0,4.5237913,2.8364813,6.272352,0.0,5.793156,0.0,2.8351636,0.0,0.0,0.0,0.0,1.1248076,5.094979,0.0,1.3745155,0.0,0.0,9.978638,2.2239232,14.802098,9.031945,0.0
TCGA-D1-A0ZR-01A-21R-A10J-07,0.0,4.924717,0.0,0.0,0.23519182,0.0,7.207598,2.2841191,0.0,12.253301,0.5218903,6.0935664,0.0,0.0,0.0,0.0,0.0,0.0,1.1488787,20.468311,0.0,11.647986,7.6500144,0.0,7.3544574,0.0,0.0,0.5038669,0.0,0.0,2.682044,0.0
TCGA-B5-A0JV-01A-11R-A104-07,0.0,0.0,0.8520368,0.0,0.0,5.7537985,6.129313,0.0,0.0,5.7972846,4.6944222,7.433063,0.0,0.0,2.5999565,0.0,0.0,0.0,0.0,0.0,1.5424854,0.0,0.035844654,2.5927215,5.510496,4.057969,7.67046,0.0,1.4001441,0.0,3.8923106,1.6920143
TCGA-AX-A0IS-01A-12R-A10J-07,0.0,0.0,0.0,0.0,0.0,5.9105215,0.0,0.9670101,0.0,7.490277,0.0,6.9604692,0.37286848,2.719033,1.7888331,0.0,4.6445417,0.0,0.0,1.0022458,16.191229,5.453623,0.0,5.0376644,7.6868343,5.9330444,8.113248,0.0,0.0280387,0.0,0.0,9.53169
TCGA-BS-A0V8-01A-11R-A118-07,1.675653,0.0,0.0,3.2818081,0.9488383,0.0,0.0,0.0,5.8547497,0.0,0.0,0.0,0.0,5.618346,0.0,0.0,0.0,0.0,5.46503,0.37114096,0.0,0.7304092,0.0,3.802526,7.1036015,0.0,0.0,4.429641,0.33325106,0.0,5.019354,7.703632
TCGA-AX-A3FW-01A-11R-A22K-07,0.0,0.41071782,0.7630734,0.0,10.246531,0.19416974,9.384996,0.0,0.0,0.0,0.0,4.481554,5.1243377,0.0,0.0,0.0,0.0,0.0,0.0,2.3051872,0.0,1.743092,0.0,0.0,9.392783,0.0,0.9811601,0.3559748,0.8856906,0.0,6.7816386,7.0728116
TCGA-D1-A179-01A-11R-A12I-07,6.744083,1.9634376,0.0,0.0,8.180648,4.577858,0.0,10.949139,7.4479933,0.0,3.0793173,1.208981,2.7488625,0.0,6.290025,0.0,0.0,7.892307,0.0,0.0,0.0,0.0,4.9044485,0.0,2.406351,0.0,0.0,7.3141513,2.6748073,17.283926,0.0,0.0
TCGA-AJ-A8CW-01A-11R-A37O-07,0.93388045,0.0,2.834346,0.0,0.0,2.2483053,1.8276103,0.0,0.0,0.58032537,0.0,6.932598,0.0,0.0,0.098603636,0.0,1.140081,0.0,0.0,0.0,2.643531,0.37658578,0.0,7.2609563,3.1328478,1.6453664,6.565253,0.0,0.0,0.0,0.8876781,2.93391
TCGA-B5-A0JY-01A-11R-A104-07,4.9844656,0.0,0.69584185,10.992949,0.0,4.1720977,9.481982,5.1287,0.0,0.0,0.0,0.0,3.1048703,11.6054535,7.0645266,8.379885,0.0,5.2565646,7.733045,0.0,11.556292,0.0,0.0,4.853183,1.3801317,3.0194147,11.006968,0.0,1.6210018,4.3970428,0.0,2.7698336
TCGA-DF-A2L0-01A-11R-A180-07,0.0,0.0,9.948001,16.61979,7.008916,0.0,4.0173855,0.0,0.0,0.0,3.9334803,0.0,4.2053347,0.0,0.0,0.0,0.0,0.0,5.7937617,0.0,0.0,0.0,0.0,8.449163,0.0,0.0,8.034637,0.0,0.0,3.1891987,20.341833,11.466413
TCGA-AP-A1DP-01A-11R-A137-07,0.0,6.7667713,0.0,0.0,0.6914045,4.4704027,7.1955957,4.2607265,0.0,10.880437,0.54229236,7.392622,2.3198862,1.1370531,0.0,0.0,0.0,0.0,2.2545574,13.296927,2.8242362,7.3332477,0.0,0.0,5.7985373,7.3719893,0.0,4.778574,0.0,0.0,5.2484956,7.365994
TCGA-BS-A0V6-01A-11R-A118-07,0.0,7.626679,8.88349,0.0,0.4987558,0.0,0.15928158,0.0,0.0,5.6507983,0.0,0.0,0.0,0.0,0.0,0.101939775,0.0,0.32498616,3.3138635,11.41968,0.0,7.9785757,0.0,0.0,0.0,0.0,6.0775094,0.0,0.0,0.0,0.5669937,5.3377824
TCGA-EY-A1GS-01A-11R-A13S-07,8.590814,0.0,0.0,0.0,13.83928,2.9385204,0.0,8.220516,2.6747856,0.0,8.461878,16.801647,0.0,2.7770653,0.0,0.0,0.0,8.253292,0.0,0.0,0.0,0.0,0.0,0.0,0.0,0.22104898,0.0,16.98933,11.033232,0.0,0.0,1.5837961
TCGA-D1-A0ZS-01A-11R-A118-07,10.287959,8.612611,0.0,13.633871,0.0,0.2781927,8.793253,8.175763,1.6166834,0.0,10.097689,0.0,7.8869896,15.519994,15.651925,10.404785,0.0,6.720862,0.0,0.0,0.0,0.0,10.705226,0.0,0.0,0.8867961,0.8129295,0.0,4.701828,6.436114,0.0,0.0
TCGA-DF-A2KV-01A-11R-A180-07,0.0,7.89736,6.858132,2.9131408,5.7660437,3.746897,0.15175366,0.0,0.0,2.5958695,0.36362895,0.0,0.90386647,0.0,0.0,0.0,1.6302458,0.0,0.0,2.5622814,0.0,2.5194852,0.0,0.0,0.0,0.0,1.3690714,0.0,0.0,0.0,6.6860204,5.508942
TCGA-AX-A3G1-01A-11R-A22K-07,11.527976,0.0,9.6205435,0.0,0.0,2.7070556,1.9093124,0.0,0.0,0.0,0.0,7.168581,10.958709,0.0,0.0,7.811006,0.0,0.36200982,3.9491293,11.558716,0.0,3.9478986,2.972485,7.5862236,0.0,0.0,2.5757098,0.0,0.0,1.0634325,2.7400444,3.2654936
TCGA-FI-A2EU-01A-11R-A17B-07,6.3481297,1.6533692,0.0,0.0,9.428802,0.0,0.0,0.0,9.648262,0.0,0.0,0.43879515,9.027717,0.0,5.9418626,2.3297927,0.0,1.1326145,0.0,0.0,0.0,0.6684507,4.1791735,0.0,6.510955,0.0,0.0,2.938347,0.0,17.494316,3.511187,0.0
TCGA-PG-A916-01A-11R-A37O-07,0.0,8.030799,5.1996884,0.0,0.0,0.0,8.94202,0.0,0.0,4.0917,0.0,3.9190817,9.877774,0.0,0.0,1.7866281,0.0,0.0,8.303015,15.629983,4.3230844,9.798103,2.7816966,0.0,1.068317,0.0,11.921301,0.0,0.0,0.0,9.036069,5.6999707
TCGA-DI-A1NO-01A-31R-A157-07,10.184273,0.0,0.0,6.299402,10.808481,0.0,0.0,8.884666,4.970023,0.0,0.0,0.0,8.411702,0.0,0.15405072,0.0,0.0,1.0480204,0.0,0.0,0.0,0.0,7.376798,2.0683217,6.3584437,0.0,0.0,4.6558223,0.0,15.852317,3.529341,0.0
TCGA-EY-A210-01A-11R-A157-07,15.352677,0.0,12.851894,0.63836104,0.21115124,11.703493,0.0,14.863082,0.9531765,0.0,2.941173,8.904598,0.14411499,1.1446726,0.0,0.0,10.811105,2.2667844,0.0,0.7610091,0.0,0.0,4.417779,10.702604,0.0,0.0,0.0,9.761091,2.7480767,3.0447867,0.0,0.0
TCGA-AJ-A23O-01A-11R-A157-07,6.243887,0.0,4.9291067,0.0,0.0,9.552748,0.5282208,0.0,0.049167417,0.0,1.4441918,6.4190683,0.0,0.0,1.3699231,5.274816,0.38191348,0.2806666,6.6187077,0.0,5.4903545,0.8261037,0.0,5.583366,0.0,8.160511,1.9140577,0.0,0.42892858,0.0,0.0,4.518504
TCGA-EO-A22R-01A-11R-A18M-07,0.92871934,0.0,1.7050294,0.0,1.0749336,4.070988,11.327416,4.706064,0.0,0.0,0.0,2.892568,0.0,0.0,3.3389134,1.7621114,0.0,17.76671,1.7224929,0.0,4.82766,0.96124256,0.0,1.9922339,0.099611685,8.164547,8.41964,0.0,5.592331,1.8794936,0.0,0.02775789
TCGA-B5-A11V-01A-11R-A10J-07,0.0,0.0,0.0,0.0,0.0,0.0,2.3683178,0.27999097,1.5118966,4.8659015,1.1352565,2.346107,0.0,5.3245397,2.3633103,1.1272037,0.0,0.30805504,1.0281267,0.029192373,13.6502695,2.9658563,0.24483937,0.036218382,4.0373855,3.5866988,0.81854516,0.0,0.0,0.0,0.314565,0.0
TCGA-D1-A103-01A-11R-A10J-07,0.0,0.0,0.036386743,0.0,0.0,0.0,0.0,0.0,4.7247143,0.0,0.0,5.2305613,0.24044512,0.0,1.4106827,7.3880763,0.4194392,1.9699211,6.7683787,0.0,0.0,10.645032,0.7682233,4.8710327,0.7860468,0.40165815,0.9966678,0.4744049,0.0,2.2649343,1.2748611,1.5388726
TCGA-BS-A0TD-01A-11R-A104-07,0.0,10.871427,2.0958984,0.0,2.317581,0.0,0.0,0.0,1.7366947,8.017192,0.52595377,0.0,0.0,0.0,0.0,0.0,0.0,0.0,2.819382,5.5230904,0.0,5.9567256,0.0,0.0,0.0,0.55413795,0.6075506,0.6330694,0.0,0.0,5.4823737,4.0973444
TCGA-B5-A5OD-01A-11R-A31O-07,5.175852,0.0,8.1751995,4.8140674,3.0044935,2.3955271,0.0,7.1479425,9.984031,0.0,0.0,0.0,2.5289497,4.180894,0.0,0.0,11.005952,2.6773021,1.7241066,6.5029287,0.0,0.0,0.39786226,3.1335378,0.0,0.0,0.0,13.251373,0.0,8.197397,0.0,1.1461617
TCGA-AP-A05H-01A-11R-A00V-07,7.804804,10.049514,0.0,10.857499,0.0,6.4925833,0.0,12.877105,10.818977,0.0,19.096937,0.0,0.85101676,12.243092,15.970507,2.666909,0.0,0.0,0.0,0.0,0.0,0.0,10.95697,0.0,0.0,1.7289088,0.0,6.5616007,1.1536295,12.306394,0.48228735,0.0
TCGA-A5-A0R6-01A-11R-A104-07,0.0,2.744644,0.0,2.0222063,0.0,0.0,0.0,1.2080984,4.8072047,3.6114442,3.4363375,0.0,0.0,3.2311952,0.0,0.0,1.1861815,3.0966954,4.345304,1.3199362,0.0,0.17610723,6.1006804,0.0,0.0,0.0,0.0,4.3116326,1.938875,3.2640321,0.0,0.0
TCGA-B5-A0K2-01A-12R-A104-07,0.0,7.9247437,10.501268,4.3080783,0.0,0.0,0.0,0.0,0.0,2.2867267,0.0,0.0,0.0,0.0,0.0,4.774746,0.0,0.0,7.369673,7.004332,0.0,5.5593023,0.0,0.0,0.0,0.0,6.7081513,0.0,0.0,0.0,2.2509117,6.9176335
TCGA-D1-A3DG-01A-11R-A19W-07,15.209777,0.0,0.0,0.95229226,1.9943379,8.447963,4.056051,11.293267,0.0,0.0,4.690636,8.923293,8.950902,2.6068113,6.025607,0.0,1.0313946,1.495028,0.0,0.0,0.0,0.0,7.2117887,0.0,2.9364278,0.0,0.0,8.931275,0.51686734,0.0,0.11685075,0.0
TCGA-AX-A2IN-01A-12R-A180-07,18.851437,0.0,0.0,5.9711337,0.0,9.13841,11.395662,12.20669,0.0,0.0,4.676468,8.007138,0.0,18.437613,0.046017364,0.0,0.0,4.7977242,2.7514267,1.7689761,0.41394305,0.0,8.258874,8.034965,6.516429,0.0,0.0,0.0,0.0,0.0,0.0,0.0
TCGA-KP-A3W3-01A-11R-A22K-07,9.460472,0.0,4.2357154,2.201256,0.0,9.8291235,0.0,0.0,2.1320872,0.0,0.0,4.747427,4.405728,4.027121,0.0,0.0,11.9806185,0.0,2.7930377,8.100719,0.0,0.049424045,8.299331,8.686588,3.0542867,0.0,0.0,11.300299,0.0,7.2615695,3.0482087,0.0
TCGA-A5-A0GP-01A-11R-A040-07,0.0,8.924551,1.9639782,5.42794,0.004522551,0.0,2.5312622,0.0,3.7237298,0.83533233,3.2767794,0.0,3.7678874,0.0,2.8110723,9.892191,0.0,0.0,5.0702443,0.0,2.3989727,1.2541206,0.0,0.0,0.0,2.0319517,4.701876,0.0,0.0,3.534498,9.451348,1.7669454
TCGA-EO-A2CG-01A-12R-A180-07,0.26133102,0.0,0.0,6.4423666,0.0,0.0,0.0,2.5673728,9.782893,0.40818042,0.7887988,0.0,0.0,10.872195,2.2186408,0.0,2.6248128,0.0,7.25184,4.5209618,0.0,0.0,10.798866,0.0,6.7136497,0.0,0.0,8.282262,0.0,5.719563,5.3514295,0.0
TCGA-AX-A05S-01A-11R-A00V-07,0.0,7.2069836,1.2300452,0.0,0.19025724,8.507219,0.0,0.5868195,2.548425,2.8264763,0.3500899,0.87202954,1.1996472,2.2181618,1.0798416,2.8951118,1.3263195,0.0,4.2849545,1.4010907,2.275755,4.2666035,0.0,0.0,0.0,6.333398,0.0,1.8839712,1.2176391,1.368573,3.2065463,5.1835732
TCGA-EY-A1GM-01A-12R-A14D-07,7.446137,16.933987,0.0,0.0,0.0,0.0,0.0,17.1728,12.534085,0.0,10.477481,0.34871036,11.354277,13.536833,2.121961,4.234127,0.0,0.0,0.0,8.910901,0.0,0.0,14.595504,0.0,0.0,0.0,0.0,14.798703,0.0,5.267632,1.9933736,0.0
TCGA-AX-A05Z-01A-11R-A00V-07,0.0,0.0,13.886379,3.5498133,1.3161272,0.0,1.6003035,0.0,2.787075,8.11108,5.8769784,0.90898293,0.0,0.0,0.0,7.8586755,4.6626024,1.16254,2.7786868,0.0,9.072113,0.0,0.0,4.8204584,0.0,6.875043,7.899176,0.0,1.1451638,0.1456139,0.0,10.118045
TCGA-AX-A1CJ-01A-11R-A137-07,0.0,0.0,6.981497,0.0,0.0,0.0,0.0,0.0,0.0,7.313777,0.5302665,1.6099524,0.0,0.0,0.0,0.0,4.717706,0.0,0.6884669,8.580002,0.8233385,4.713646,0.0,6.3840375,1.156351,0.0,2.0257435,0.19406685,0.0,0.0,12.367694,6.6883082
TCGA-BG-A2AE-01A-11R-A16F-07,2.888962,4.1590405,4.498103,0.0,5.338992,4.8093557,1.9181023,6.27313,0.0,0.8682381,1.1176462,2.1195211,1.8045201,0.0,1.7647153,3.9770725,3.1183324,11.330114,0.0,0.0,0.85401356,1.6666906,0.5345062,0.0,0.0,1.4549763,3.1107779,0.0,3.0501716,8.430791,0.0,0.0
TCGA-A5-A2K7-01A-11R-A180-07,3.3084784,1.3453786,4.505256,7.7667994,0.0,15.857288,2.610488,0.0,0.0,0.0,2.8523107,0.55148655,2.2151666,0.0,6.388398,0.0,3.5075037,0.0,0.0,0.0,0.0,0.0,0.42635927,0.0,0.0,3.6549044,6.1183586,0.0,5.02566,0.0,0.0,0.0
TCGA-D1-A2G6-01A-11R-A17B-07,4.9596076,7.8683434,0.0,4.7298203,0.0,16.191425,0.0,0.0,1.0317308,0.0,5.58459,4.8927035,3.9834824,14.542446,12.694618,4.157347,0.0,0.0,10.523359,0.0,0.8893619,0.0,9.004333,0.0,0.06948201,9.926344,1.1324686,1.8564934,0.0,8.28052,0.0018014461,0.0
TCGA-AX-A0J1-01A-11R-A040-07,3.3456287,0.08310052,0.48519063,0.0,0.0,7.380706,12.173433,0.0,0.0,0.0,0.0,7.4973993,2.3542686,0.0,0.0,0.0,0.0,0.0,8.135487,3.2027206,4.302005,1.5614271,0.0,0.43351746,5.9307127,8.2733555,3.4047804,0.0,1.6768262,0.0,0.46288002,4.6108594
TCGA-A5-A0GR-01A-11R-A118-07,5.7129693,0.0,5.4510994,0.0,2.3088117,0.0,0.0,0.0,11.831628,0.0,0.0,4.8624477,0.0,3.922317,0.0,1.4644836,0.0,1.379112,6.9359126,0.0,0.0,0.0,0.0,10.058132,0.0,3.2964244,0.0,8.792132,11.259522,0.0,0.0,17.68964
TCGA-5B-A90C-01A-11R-A37O-07,4.242902,0.0,0.0,2.8186827,0.7371122,7.485594,0.0,2.3302324,0.0,0.0,0.0,0.0,6.3596463,0.0,3.8625417,0.0,3.6172054,7.78554,0.0,0.0,0.0,0.0,2.4199858,2.8791466,4.443556,0.0,4.0086923,1.8757443,6.134156,4.8449197,0.0,0.0
TCGA-AP-A052-01A-11R-A00V-07,7.566479,0.7953484,1.4610724,4.950557,2.5551128,4.624012,0.0,1.4597378,4.83115,0.0,3.2305613,0.0,0.22222902,4.4998016,3.7746477,3.3606997,4.831938,1.2893419,2.9854267,0.0,0.45782697,0.0,4.585725,0.0,0.0,0.0,1.067163,1.7384052,0.0,10.60649,1.5791953,0.0
TCGA-D1-A17S-01A-11R-A12I-07,0.0,0.0,0.31623966,0.0,4.391326,0.0,0.0,0.0,2.6888232,10.82303,1.0890043,0.0,0.0,0.0,0.0,0.0,2.54501,0.0,0.0,9.220926,0.5101092,3.0377893,0.0,5.299228,7.768727,0.0,0.0,1.441701,0.0,0.0,17.964504,8.616024
TCGA-AJ-A3BG-01A-11R-A19W-07,0.0,7.1420164,10.438355,2.5786676,21.758293,2.535603,19.199251,0.0,0.0,0.0,9.069225,14.717875,6.0115895,0.0,0.0,0.0,0.0,0.0,0.0,0.0,0.0,0.0,0.0,0.0,0.0,11.608616,5.628722,0.0,2.5555086,3.1650174,0.0,10.882382
TCGA-AX-A3FV-01A-11R-A22K-07,19.465202,0.0,0.0,4.1907845,8.063577,1.1540743,9.876157,12.943398,0.0,0.0,3.973294,8.108264,12.144532,7.096133,1.724725,2.1578474,0.0,4.8691716,0.0,0.0,0.0,0.0,0.0,2.382594,2.984502,0.0,0.0,3.7544336,6.894354,0.76022786,0.0,1.1431984
TCGA-EO-A1Y8-01A-11R-A157-07,2.0329797,0.0,0.0,1.5988501,0.0,13.283311,0.0,2.3737051,5.252922,0.042907327,0.32581785,0.7082634,0.0,4.197975,8.9775915,0.0,9.149352,0.0,0.0,0.0,0.4554294,0.0,0.9754306,1.6887734,4.9804325,0.2056573,0.0,9.892813,3.9810882,3.5146153,0.0,0.24979562
TCGA-AX-A05T-01A-11R-A00V-07,0.0,1.5138692,0.0,0.0,4.1099243,0.0,0.0,1.5729315,0.0,6.522504,0.0,0.0,0.048336044,0.0,0.0,0.0,4.9514875,5.2734017,0.0,6.680113,7.103417,8.838472,1.2244574,0.0,0.076566175,0.0,1.6673328,0.0,0.0,0.0,0.0,0.0
TCGA-A5-A1OH-01A-21R-A22K-07,9.615093,0.0,0.0,6.6844883,0.0,0.0,0.0,16.764553,7.892041,0.0,0.0,0.0,1.342361,22.650742,2.668654,0.0,1.1938307,6.577692,2.3225672,4.7828507,0.0,0.0,15.225348,2.0257955,15.741292,0.0,0.0,12.966775,0.0,3.883612,0.0,0.0
TCGA-BK-A0CA-01B-02R-A277-07,0.0,0.0,0.0,0.0,0.0,0.0,0.0,0.0,0.0,0.0,0.0,0.0,10.235215,6.981635,0.0,0.0,2.7313151,18.75677,0.0,15.684591,0.0,16.017082,1.51167,0.54219764,9.327798,0.0,0.0,1.0159266,0.0,0.0,0.0,0.0
TCGA-D1-A163-01A-11R-A12I-07,0.4090681,0.0,0.0,0.62664694,0.0,6.329321,5.1019926,0.44448924,0.0,0.7209113,0.5254164,0.0,0.0,3.5760357,5.543159,4.8806677,0.0,7.5078025,6.5659003,0.0,4.6035414,0.7856195,0.0,0.59306085,0.0,11.050238,5.1545625,0.0,6.2581434,0.0,0.0,2.7174134
TCGA-EY-A212-01A-11R-A14M-07,1.8427008,1.718097,0.0,0.0,2.7526448,0.0,0.0,0.0,8.571163,0.0,0.8209145,0.0,3.115287,0.0,5.2907834,0.0,5.5003285,5.2335496,0.0,0.0,0.0,1.5356052,7.0867996,0.0,0.0,0.0,0.0,12.639768,3.340813,8.188764,0.0,0.0
TCGA-AJ-A3NE-01A-11R-A22K-07,0.51211536,0.2437047,4.151938,3.872948,0.65621495,8.319915,0.0,0.0,0.061228298,0.0,0.0,0.0,5.3202496,5.4121237,7.352709,12.002537,10.42168,10.697067,0.0,0.0,8.942575,2.1521163,0.0,0.0,0.0,6.7172775,2.0065415,0.0,3.557454,0.0,0.0,6.2320833
TCGA-BS-A0U5-01A-11R-A109-07,0.0,4.3535213,0.0,0.0,0.0,0.0,0.0,0.0,2.2474363,5.546724,0.0,0.0,5.2540483,1.9236677,3.1372714,4.415591,5.0465174,0.0,4.8747525,8.813538,7.166394,9.99183,8.194986,0.0,2.583163,0.0,7.4391727,0.0,0.0,0.2670833,12.423564,0.0
TCGA-A5-A0R7-01A-31R-A16W-07,4.0045958,0.0,0.0,3.333221,0.0,2.4971511,0.9621832,0.0,1.365461,0.0,0.0,0.0,0.0,6.7744946,2.9993105,2.8540225,0.0,0.0,6.791717,0.0,6.4977427,0.0,0.0,7.2177725,4.514867,3.230696,3.4266953,0.0,0.74682504,0.0,3.870911,4.599277
TCGA-BK-A26L-01C-04R-A277-07,0.0,0.0,0.0,0.0,0.0,0.0,0.0,1.8424022,8.983941,0.0,0.0,0.0,12.665309,20.624315,4.204848,0.0,16.103397,18.98423,0.0,6.375123,0.0,9.145324,9.614837,3.7662973,12.409892,0.0,0.0,7.72928,0.0,4.8734865,0.0,0.0
TCGA-AJ-A3OK-01A-12R-A22K-07,0.0,0.0,2.3098304,0.0,0.0,0.0,6.563114,2.89754,0.0,5.4609346,0.0,3.810857,0.0,9.836702,0.0,0.0,0.0,0.0,12.705062,23.696844,0.0,4.842951,0.0,0.0,6.971451,0.0,0.0,1.375635,0.0,0.0,3.2318668,9.606456
TCGA-D1-A16X-01A-11R-A12I-07,0.0,1.6959594,12.732748,0.0,0.0,0.0,0.0,0.0,4.692712,7.111677,7.6929116,4.390209,0.0,0.0,0.0,7.81104,0.25510663,2.7741377,5.605889,2.229402,0.57130206,6.4667654,4.0388713,0.89844984,0.0,0.0,3.220385,0.0,0.0,2.1753228,0.0,0.0
TCGA-AW-A1PO-01A-12R-A157-07,14.209392,0.26898894,0.0,0.0,0.0,6.6608343,8.012524,0.73950154,0.0,0.0,2.6405382,16.691353,17.544994,0.0,13.455694,3.5708373,0.0,0.0,0.0,0.0,0.0,0.0,7.9291997,0.0,4.0254965,0.7753813,0.0,2.3053632,0.0,9.961299,3.3854299,0.0
TCGA-EO-A3B1-01A-12R-A19W-07,4.3494353,0.0,4.437362,6.369761,0.0,4.652575,0.0,0.0,2.99335,0.0,0.0,0.0,0.0,4.261399,0.8369607,0.47368214,6.90352,7.0264506,3.1488965,0.0,0.0,0.0,2.8232286,6.0794444,0.0,0.0,0.8266428,6.4498725,7.478127,9.775077,0.0,0.0
TCGA-BG-A0M6-01A-31R-A104-07,0.0,4.1304903,0.0,0.0,0.0,1.7098528,0.0,7.864888,8.120847,1.1629298,0.55543244,0.0,0.0,7.885247,12.811743,0.0,2.2677615,8.842081,1.9887757,0.0,0.0,1.8205638,11.893083,0.0,6.576851,0.0,0.0,4.1050606,0.0,12.429822,0.0,0.0
TCGA-BG-A0M7-01A-11R-A040-07,0.0,5.825864,6.035683,0.0,0.0,0.0,0.8908396,0.0,4.5344696,4.6780186,4.5219984,0.0,0.0,0.0,0.0,8.735261,0.0,0.0,5.879891,0.0,0.0,7.1889606,0.0,0.0,0.0,2.0852988,4.218241,0.0,0.0,1.4657233,6.168216,2.7526054
TCGA-SJ-A6ZI-01A-12R-A34R-07,0.0,5.222524,7.5683026,0.0,0.0,4.8421903,0.0,0.0,0.0,0.0,0.0,0.0,0.0,0.0,0.0,7.1099706,0.16530003,9.329372,3.0030127,3.8819957,0.79108906,6.481648,0.0,0.0,0.0,2.4956033,5.852022,0.0,0.8001261,0.0,0.0,2.4545166
TCGA-EY-A2OQ-01A-11R-A19W-07,1.2230828,1.6159792,2.3158634,5.5815983,0.0,7.8636265,0.0,5.38545,0.0,0.0,0.0,0.0,4.3177676,0.0,1.9774039,0.0,7.149348,7.7712274,0.0,3.152852,0.0,0.0,13.2076,0.0,0.0,0.0,10.258396,0.0,0.0,9.58658,0.0,0.0
TCGA-AP-A0LE-01A-11R-A104-07,0.0,0.0,0.0,6.2755094,3.7638648,2.5958807,5.5143094,2.5883393,0.0,4.6027017,5.918725,0.0,0.0,0.034651995,2.5457463,0.0,0.0,0.0,3.1321676,0.0,5.2221937,0.0,0.0,3.4991636,4.7833924,10.432215,1.6611471,0.0,6.3591585,0.0,4.9763403,12.301957
TCGA-BG-A0MU-01A-11R-A104-07,0.0,0.0,4.873284,0.0,2.5047479,0.0,1.7989664,0.0,5.2608614,6.6651173,1.8992033,16.942863,0.0,0.0,1.2522391,2.2558331,2.697365,0.0,0.0,0.0,17.380537,4.6711206,0.0,7.3878007,0.0,10.1177225,0.0,0.0,0.0,0.0,3.1133738,14.260457
TCGA-D1-A16G-01A-31R-A12I-07,0.0,8.086076,0.0,0.0,16.399817,0.0,0.0,0.0,9.2053175,0.0,5.4229617,8.925676,3.4239047,0.0,0.0,8.0717945,0.0,4.136519,0.0,0.0,0.0,2.2377703,0.0,0.0,0.0,10.515043,0.0,0.64734256,0.0,0.0,0.0,4.8585258
TCGA-D1-A2G0-01A-11R-A32Y-07,3.6944456,0.0,0.0,5.3545794,13.377968,0.0,5.2696357,5.2326446,0.0,0.0,6.9197574,0.0,0.0,0.0,0.0,0.0,0.0,2.5682666,0.0,0.0,0.0,0.0,0.0,2.2804167,2.6659372,0.0,0.0,0.3749914,13.451085,0.0,0.0,0.21103376
TCGA-PG-A7D5-01A-11R-A34R-07,5.752271,5.8675456,0.71957386,2.3969374,1.9572452,0.4231001,0.0,12.834355,2.5253928,0.0,0.0,0.0,7.473393,5.8573375,0.0,0.0,3.3969882,3.2137136,0.0,11.887641,0.0,0.0,13.179553,0.0,0.0,0.0,0.0,8.981836,0.0,7.4823074,0.0,0.0
TCGA-AJ-A3NH-01A-11R-A22K-07,5.074405,0.0,0.0,4.356944,0.0,11.399236,0.0,5.41163,0.0,0.0,0.0,2.0294738,9.146499,6.7148647,7.9111676,0.0,9.741494,0.0,0.0,8.7765665,0.0,0.0,16.530281,0.0,7.4906144,0.0,0.0,8.535645,0.0,1.9128876,2.7910829,0.0
TCGA-QS-A744-01A-11R-A34R-07,0.0,0.99161184,0.0,5.8513694,0.0,4.9746237,0.0,3.5264757,0.0,0.0,0.0,0.0,5.5459394,8.896146,15.06106,0.0,5.7979407,0.0,0.0,0.0,4.5682216,0.0908042,10.068716,0.0,6.0594454,0.0,6.2354207,0.0,0.0,0.0,0.79702526,0.0
TCGA-D1-A1NX-01A-11R-A16F-07,1.1727206,5.0616903,1.7283909,0.02148129,7.326889,0.0,0.0,5.602572,5.966903,1.1357126,0.008455008,0.0,0.75051886,1.776514,0.0,0.0,1.7506423,0.8895246,3.129451,9.298027,0.0,0.53929657,6.779221,0.0,0.0,0.0,0.0,4.9954143,0.0,9.593465,3.680838,0.0
TCGA-B5-A11O-01A-11R-A118-07,0.0,7.4105096,1.3714683,1.5962523,0.0,0.0,0.0,1.9662938,0.5435199,5.9628897,0.0,0.0,0.0,4.3182273,0.0,0.0,0.0,2.8708427,7.537768,7.702553,0.92827356,3.1911864,1.8311492,0.0,0.0,0.0,3.9753022,0.0,0.0,0.0,0.0,0.0
TCGA-AP-A0LS-01A-11R-A14D-07,0.0,0.3122771,0.0,6.6350927,0.0,0.0,4.035636,0.0,0.0,0.0,0.0,0.0,3.1594124,0.0,8.111301,13.910328,0.0,0.0,6.6732016,0.0,0.0,5.9202614,0.0,4.9477715,3.392479,2.9072056,13.61678,0.0,1.9469035,0.9325303,4.163917,6.764901
TCGA-AP-A0LH-01A-11R-A16W-07,0.0,3.6790957,0.0,0.0,12.989922,0.0,0.0,0.0,3.298658,0.6546442,0.20159414,4.795991,0.24777068,0.0,0.0,0.8719999,0.0,2.2683194,0.0,0.0,0.0,4.7206903,0.0,0.0,0.8024996,5.4536657,0.0,0.0943847,0.0,0.0,0.30629718,5.1803756
TCGA-B5-A0JN-01A-11R-A104-07,1.0533712,0.0,0.0,3.2965074,4.1803455,0.3577848,0.0,0.70830816,0.037289105,0.0,0.0,0.0,4.737453,1.0503802,3.8740945,0.0,6.4416604,8.083393,0.0,0.5290451,0.0,0.0,6.885879,0.0,5.0576077,0.0,0.0,8.855623,2.9063208,1.5943646,0.0,0.0
TCGA-AJ-A3BH-01A-11R-A19W-07,0.0,0.0,0.0,4.9724984,1.7161738,0.40692645,0.0,4.0786233,0.0,0.0,0.0,0.0,0.0,12.236856,2.0235493,1.0033171,2.3726976,16.59161,0.0,0.0,0.0,0.0,0.0,0.0,0.0,3.1003897,0.0,0.0,12.200936,0.0,0.0,0.0
TCGA-D1-A161-01A-11R-A118-07,0.0,0.12676793,0.0,0.0,0.21287155,0.0,2.813833,0.0,0.0,7.561196,0.0,0.0,0.0,0.0,0.0,0.0,0.0,0.0,4.2327275,5.8148475,1.3667277,6.415396,0.0,0.0,6.836755,0.28906685,3.6648145,0.0,0.0,0.0,4.2923365,4.615603
TCGA-B5-A11L-01B-21R-A13S-07,0.24499099,13.140174,4.274394,4.416788,0.0,1.1259962,0.35976782,0.0,6.892929,0.0,0.0,0.0,6.86206,9.770313,0.0,16.43553,0.0,2.0490353,9.028595,1.4530203,0.41667876,4.6921697,0.0,0.0,0.0,9.316898,0.0,0.0,4.727584,1.3393441,0.0,9.164198
TCGA-AP-A05N-01A-11R-A00V-07,0.0,0.0,0.0,2.5481381,0.0,4.11238,0.0,2.3843255,0.0,3.3024008,0.0,0.0,0.0,9.067881,3.6735802,0.0,1.1199255,0.0,1.3099816,0.0,12.137757,0.387783,0.0,1.5135547,3.946775,7.249507,2.0955172,0.0,2.6212804,0.0,0.0,6.262221
TCGA-BK-A6W3-01A-12R-A34R-07,0.0,3.897984,6.481015,0.0,0.0,6.292948,0.0,0.0,0.0,0.0,0.0,0.45395422,7.562739,0.0,1.5195191,14.323065,2.2724402,6.6758504,2.2857518,0.9639147,4.416104,10.056819,0.0,0.0,0.0,2.6849995,10.903942,0.0,0.0,0.51203644,0.0,4.3655562
TCGA-B5-A11U-01A-11R-A118-07,1.8123364,0.0,0.0,7.559505,0.0,7.26798,0.0,4.2036066,1.1424906,0.0,0.0,0.0,0.0,16.70912,10.320079,1.0032325,3.2705376,3.0844991,9.017743,0.0,7.277372,0.0,8.9138975,6.6347394,7.5807114,1.4035985,10.91444,0.0,0.0,2.391029,0.0,0.0
TCGA-EY-A5W2-01A-11R-A31O-07,0.0,0.0658805,3.6960788,9.798882,5.6329136,7.9097495,10.017043,0.0,0.0,0.47841,3.1642234,0.0,0.0,0.0,0.0,0.0,0.0,0.0,3.4579992,0.0,0.07928509,0.0,0.0,0.0,1.5518206,10.318031,5.4121566,0.0,4.1597366,0.0,0.7867113,10.473634
TCGA-AX-A1CF-01A-11R-A137-07,15.11102,10.219268,0.0,0.0,5.38774,0.0,6.182112,1.1159439,11.399421,0.0,10.805318,11.437531,9.274478,4.3944416,0.15871201,12.499656,0.0,0.73162043,4.7461004,0.0,0.0,0.0,1.9937176,0.0,0.0,6.2459555,0.0,8.59874,2.5392282,10.289245,2.8803184,0.0
TCGA-D1-A15X-01A-11R-A118-07,0.0,5.8305044,10.606584,1.3043216,6.659419,0.0,0.0,0.0,3.5330095,0.0,2.3054397,0.0,0.2820955,0.0,0.0,13.853133,0.0,4.0677533,0.0,0.0,0.0,0.0,0.0,0.0,0.0,6.3267975,0.0,0.0,15.7716675,0.0,0.0,12.589957
TCGA-A5-A0VQ-01A-11R-A104-07,0.0,0.0,0.0,0.0,0.0,5.029244,0.0,0.16678038,0.6363599,5.8339086,1.73205,0.8656936,0.0,5.650192,2.0410395,0.0,2.8638756,0.0,0.0,0.0,10.287723,0.062438183,0.0,0.0,1.061991,10.492693,0.0,0.0,2.196308,0.0,0.0,8.961019
TCGA-AJ-A3EL-01A-11R-A213-07,5.868099,0.0,7.4875884,7.490446,0.0,6.1552095,2.2372484,0.0,0.0,0.0,0.0,0.0,0.3736645,0.9274812,0.0,3.6782997,1.7242713,3.1083343,2.233901,0.34389874,0.94226754,0.0,2.7898495,8.915337,0.0,0.0,10.911819,0.0,1.6676394,0.87717366,0.0,0.26380372
TCGA-A5-A3LO-01A-11R-A22K-07,5.9829144,5.416749,0.0,5.634315,0.0,5.2894444,4.5137534,0.0,0.051439844,0.0,0.0,1.6715131,17.617384,4.0307493,9.276947,13.72288,0.690388,0.0,0.0,0.0,5.4618273,1.6449276,0.0,0.0,0.0,3.7813416,2.5032034,0.0,0.0,2.7352467,2.5311208,4.3965373
TCGA-B5-A0K7-01A-11R-A104-07,2.120697,0.0,2.994375,0.0,0.0,0.6629983,0.0,0.0,5.0230107,3.7526405,0.0,7.7776375,0.0,0.37492287,0.0,0.98209625,7.288884,2.3076653,0.3107959,2.75102,8.552607,3.5490649,0.0,8.2358055,0.0,0.0,0.0,0.17229712,0.0,0.0,0.0,2.6004615
TCGA-FI-A2F9-01A-11R-A17B-07,2.7576451,0.0,0.0,4.5379696,0.0,0.0,0.0,13.728772,9.493451,0.0,0.0,0.0,0.0,15.670698,11.1719,0.0,0.0,5.598266,6.686444,0.7144896,0.0,0.0,25.008343,0.8742761,18.789145,0.0,0.0,6.918957,0.0,15.981836,0.0,0.0
TCGA-BS-A0U7-01A-21R-A104-07,1.5560492,6.5218754,0.0,0.0,0.0,5.7677956,5.364529,0.0,0.67513514,0.0,0.0,4.8155265,1.6433923,8.93479,0.0,4.996417,0.0,6.3102145,17.03826,0.0,0.0,2.9570477,0.0,0.0,0.21749057,15.186213,0.0,0.46261004,7.022319,2.086584,0.0,9.857983
TCGA-BK-A0CC-01A-21R-A277-07,7.8335767,0.88279843,0.0,0.0,1.6103531,0.0,0.0,13.924814,2.0561152,0.0,0.0,0.0,16.250473,18.927595,0.0,0.0,0.39782214,24.330652,0.0,3.3987806,0.0,0.0,0.0,0.0,3.317133,0.0,0.0,15.044614,11.520396,0.0,0.0,0.0
TCGA-A5-A0G5-01A-11R-A040-07,1.9986024,0.0,12.129144,0.0,0.0,1.8523043,0.0,0.0,7.267295,0.0,2.1567314,0.0,0.0,0.0,0.0,2.5077274,0.0,0.0,9.225539,0.0,0.0,0.0,0.0,12.060453,0.0,0.0,0.0,9.554308,19.86829,11.400793,0.0,8.876315
TCGA-AJ-A6NU-01A-11R-A34R-07,5.857553,0.0,0.0,0.0,6.918029,5.4715805,0.0,1.0301764,1.4157665,0.0,0.0,10.824101,0.6647527,6.953802,0.0,0.0,4.095043,16.974022,0.0,6.895992,0.0,4.7606664,0.0,0.0,0.0,1.7869209,0.0,7.9646635,0.0,0.0,0.0,0.0
TCGA-FI-A2D4-01A-12R-A17B-07,1.5350834,0.0,0.0,7.561683,0.0,2.4915702,8.848937,4.586491,0.0,0.16656786,0.61855793,0.0,0.20142262,1.4220853,8.645262,0.0,0.0,0.0,0.49893576,0.0,8.668627,0.0,0.0,5.152901,6.2391253,4.491472,9.148508,0.0,4.5317855,0.5063155,0.4425723,3.467785
TCGA-QS-A5YR-01A-31R-A31O-07,0.0,11.057763,11.566787,4.625494,1.5949341,0.0,2.9262934,0.0,0.0,3.5365484,1.7347666,0.0,0.0,0.0,0.0,0.0,0.0,0.0,6.873343,13.3846035,0.0,0.0,0.0,0.0,0.0,0.0,4.74217,0.0,0.0,0.0,1.8551717,3.7020018
TCGA-BG-A18C-01A-11R-A12I-07,7.7126207,0.3653801,0.09612061,0.0,0.0,3.1278343,0.22900522,0.0,3.814033,0.0,0.0,1.9092517,5.741321,1.3700469,4.2569222,7.2949586,3.7904112,0.0,2.7154086,0.56261545,5.513328,2.8926594,2.1702347,2.320959,0.0,0.0,2.2609153,0.012054862,0.0,4.761255,6.1035404,0.6796241
TCGA-BG-A0LW-01A-11R-A16W-07,0.0,0.0,0.0,0.0,1.2467192,0.0,0.0,5.2377687,2.1454585,12.652154,0.0,7.778754,0.0,0.0,0.0,0.0,8.991892,3.0456474,0.0,3.7102075,20.642445,5.508019,0.0,1.6828696,0.71017176,0.0,3.9535952,0.0,0.0,0.0,0.0,0.32270846
TCGA-AJ-A3QS-01A-11R-A22K-07,1.2868615,0.0,4.1286993,0.0,1.5430562,0.6778394,0.0,0.0,0.0,0.0,0.0,0.0,0.0,0.0,0.0,0.0,6.5830235,13.43281,0.0,4.9304543,0.0,1.061675,0.99554694,4.6100345,0.14172979,0.0,0.0,11.79808,4.6725283,0.20401604,0.0,0.0
TCGA-AJ-A8CT-01A-11R-A37O-07,0.0,2.6610832,13.037817,0.0,1.130881,0.0,2.0286074,0.9129202,0.0,4.6057515,0.0,5.9615135,0.0,4.4443135,0.0,0.0,0.0,1.1887015,9.89784,30.085463,0.0,7.2509055,0.0,0.0,0.0,0.0,0.0,0.93032444,0.0,0.0,0.0,7.517899
TCGA-BG-A0VX-01A-11R-A118-07,0.0,0.0,2.2490861,0.0,0.0,0.0,0.0,0.0,1.3755275,6.771893,0.0,0.3393889,0.0,3.4911258,0.0,5.0885015,7.9476986,3.7719688,1.7185502,4.605209,12.974801,5.5878916,3.942278,3.0485961,0.0,0.0,8.68088,0.0,0.0,0.0,0.0,0.0
TCGA-AX-A2HK-01A-11R-A17B-07,7.5958443,0.0,0.0,0.0,0.0,0.0,0.0,10.68246,0.0,0.0,0.0,0.0,2.6246762,4.389735,0.0,0.0,2.1190991,8.333,0.0,8.449917,0.0,0.0,14.866324,3.3815196,11.352298,0.0,0.0,10.960324,0.0,2.624206,0.0,0.0
TCGA-A5-A0GA-01A-11R-A040-07,0.80754685,4.3893633,1.1592059,4.3756866,0.0,11.580798,4.0507493,0.0,0.0,0.0,0.0,0.0,3.8589025,0.0,6.645181,3.5566392,0.0,0.16675697,4.400439,0.0,0.0,0.0,0.0,0.0,0.0,9.346473,5.195971,0.0,10.225192,4.805887,0.0,6.85751
TCGA-AX-A2HC-01A-11R-A17B-07,4.7194076,0.0,0.0,7.804576,0.0,4.2889605,13.909124,19.794682,0.0,0.0,0.0,2.8169532,4.46604,0.0,13.561316,0.0,0.0,10.004633,0.0,0.0,4.554316,0.0,0.69838727,17.488428,13.3846655,0.0,17.302794,0.0,11.109246,6.6440115,0.0,0.0
TCGA-QS-A8F1-01A-21R-A37O-07,1.7456249,0.0,1.068342,16.786934,7.4073353,1.3283831,0.0,4.0648093,13.748373,0.0,8.294586,0.0,0.0,7.8115306,1.2479994,0.0,3.4366949,0.0,6.481739,0.0,0.0,0.0,0.29285255,1.0902214,0.8661676,0.0,0.0,8.967611,0.0,8.084905,12.332106,4.4043775
TCGA-D1-A17K-01A-11R-A12I-07,5.7036605,0.0,0.516471,0.0,1.8083369,0.0,0.261323,0.0,2.4370055,0.0,4.2108874,6.9016848,6.0984073,0.0,6.0336547,5.61111,1.7051159,0.0,0.0,0.0,0.0,0.8553473,1.0883883,2.4987428,0.0,0.1714404,0.0,2.5371668,0.33930185,5.44338,9.348373,0.018843181
TCGA-BS-A0TC-01A-11R-A104-07,0.0,16.03879,7.307118,0.0,3.8530557,0.0,6.091233,0.0,0.0,15.318286,5.893436,0.8074987,1.5159397,0.0,0.0,2.5182352,0.0,0.0,1.9845445,2.399156,0.0,9.985188,0.0,0.0,0.0,6.881093,7.2930017,0.0,0.0,0.0,8.745631,8.403307
TCGA-EO-A3AU-01A-21R-A19W-07,3.9528334,2.648594,2.7199874,4.4869876,0.0,11.268584,2.1299198,1.0803888,0.0,0.0,0.0,0.0,7.225612,9.730722,6.6367173,11.257815,4.163714,10.139695,0.0,0.0,10.301445,0.4172789,0.0,0.0,0.0,10.727348,1.6273208,0.0,4.7661796,0.0,0.0,5.043735
TCGA-5S-A9Q8-01A-11R-A40A-07,0.0,0.0,0.0,2.8845217,3.9935095,1.236424,0.06691859,6.2339125,0.0,9.937091,0.0,2.1504135,0.0,4.547261,0.0,0.0,6.040254,0.0,0.0,3.094606,19.127316,0.6835487,0.0,0.31537765,3.588876,4.399726,0.93209994,0.0,0.5930117,0.0,2.301698,11.87749
TCGA-AX-A05W-01A-21R-A466-07,0.0,8.446723,6.7590504,3.850534,8.5234585,0.16666181,1.7603242,0.0,0.0,5.7368984,0.6504452,0.0,0.0,0.0,0.0,0.0,0.0,0.0,0.0,4.621508,0.6599202,0.18364272,0.0,0.0,0.0,0.014793605,0.8202503,0.0,0.8672095,0.0,7.1924844,10.096648
TCGA-AJ-A3IA-01A-11R-A213-07,10.560209,0.0,0.0,2.6448562,0.0,14.292745,0.0,2.2687545,1.2214735,0.0,0.0,2.9664283,4.653216,10.224729,3.2486827,0.0,3.742213,8.48385,5.4237413,0.0,0.0,0.0,2.4604473,5.5775747,3.1555617,0.0,0.0,7.999832,7.3872066,11.068412,0.0,0.0
TCGA-DF-A2KU-01A-11R-A180-07,7.668101,0.0,17.830627,13.266585,1.0300581,0.0,11.323528,0.0,0.0,0.0,4.6865444,0.026539788,0.0,0.0,0.0,2.835724,0.0,0.0,3.0675652,0.0,0.0,0.0,0.0,15.359156,0.0,0.0,11.745811,0.0,1.1103504,0.82699347,4.52101,6.846291
TCGA-D1-A169-01A-11R-A12I-07,0.0,6.867094,6.818914,0.3905797,0.0,0.0,5.9548774,0.0,5.9768496,4.412413,11.825535,6.159672,1.5017864,0.0,3.6434603,10.002096,0.0,0.0,14.059336,0.0,3.0382345,3.51729,1.9231142,1.9234544,0.0,7.914526,6.8299923,0.0,0.0,8.846308,12.004584,0.8927401
TCGA-AX-A3FT-01A-11R-A22K-07,1.1816127,0.0,4.768193,5.449342,4.1465445,0.045450643,0.0,2.9697766,0.0,0.0,0.0,0.0,0.0,8.723791,0.0,0.0,2.1958215,7.066706,0.0,0.74784195,0.0,0.0,0.0,0.27705154,0.0,1.0358205,0.0,0.0,9.603744,0.0,0.0,5.155603
TCGA-BG-A0M0-01A-11R-A104-07,0.0,0.0,0.0,0.0,0.0,0.0,0.2781802,0.0,0.0,7.562083,10.891416,1.8808416,0.0,0.0,4.9960103,0.0,0.0,0.0,0.0,0.0,0.0,0.0,6.397201,1.7467963,9.436326,0.0,0.103536725,2.2205682,0.0,0.0,12.081054,0.0
TCGA-D1-A101-01A-12R-A10J-07,2.2780232,0.19767973,0.17818548,4.5385866,0.0,1.1506943,0.0,0.0,3.017131,0.0,0.0,0.0,0.0,7.74155,0.0,2.9249604,0.0,0.2626502,9.977497,2.3108816,1.9094218,0.86056685,1.2846993,2.3011363,0.34243518,1.121812,2.471816,0.4506134,0.0,1.570999,1.5851402,2.1179233
TCGA-AP-A0LO-01A-11R-A040-07,0.0,0.0,0.0,1.4959133,0.0,0.4561299,4.2385755,0.0,0.0,1.0054276,0.0,1.5771239,0.0,0.0,3.7216299,0.0,0.0,0.0,5.57282,0.0,0.0,0.97667086,0.0,6.837749,10.797128,1.823779,7.9680943,0.0,1.7035315,0.0,7.249994,6.0557685
TCGA-B5-A11Q-01A-11R-A118-07,0.0,0.0,0.0,0.0,6.182473,3.735964,5.4442916,1.5858605,0.0,9.220119,3.397075,7.7361546,0.0,0.0,3.8693335,0.0,0.0,0.0,0.0,0.0,0.0,3.1801605,0.0,0.6245546,15.482913,9.972551,0.0,5.9060063,1.7603426,0.0,13.044976,16.534597
TCGA-AP-A0LJ-01A-11R-A040-07,0.0,5.5287533,6.9208503,0.0,0.0,0.0,0.012872033,1.1146185,0.0,16.046204,6.2562795,0.0,0.0,0.0,0.0,0.0,2.2102249,0.0,5.910299,13.378833,8.339958,3.7240968,3.7977664,0.0,0.0,0.0,7.1303945,0.0,0.0,0.0,6.1106944,0.42713183
TCGA-AX-A06J-01A-11R-A00V-07,0.0,16.73415,10.070598,0.0,0.4142193,0.0,16.653677,0.0,0.0,9.924804,12.584936,8.113104,9.079931,0.0,0.0,6.803224,0.0,0.0,3.9669867,2.5026226,1.0093237,3.8515882,3.0801265,0.0,0.0,3.5848715,10.141452,0.0,0.0,5.6756616,13.186715,1.3334482
TCGA-D1-A17Q-01A-11R-A12I-07,0.0,1.1313069,0.0,0.0,0.0,0.0,0.0693234,0.0,3.0980647,9.48262,9.77079,0.0,0.0,0.0,11.096454,0.0,0.0,0.0,8.084091,0.0,0.0,3.7653816,3.3181665,0.0,9.37396,6.024323,6.4602995,0.0,0.0,5.9786353,2.6782067,0.0
TCGA-AP-A1DQ-01A-11R-A137-07,1.9488695,0.0,0.0,0.0,0.0,1.1853231,0.0,1.6976404,5.947019,0.0,0.0,0.0,0.2066683,5.4659314,1.2708104,0.0,8.847594,3.9752707,2.820303,7.2017574,0.0,3.727314,12.063531,2.3442245,5.891263,0.0,0.0,10.017695,0.0,5.6259665,0.0,0.0
TCGA-B5-A5OC-01A-21R-A27V-07,5.728957,0.0,4.106848,0.0,0.0,14.91298,3.0428092,0.537347,0.0,0.0,0.0,8.786122,0.0,7.716917,0.0,0.0,0.35399246,12.9320545,3.0983367,2.5333624,5.227208,1.2373737,0.0,4.2068295,0.0,9.933687,0.0,0.0,4.258006,0.0,0.0,9.112114
TCGA-AP-A0LL-01A-12R-A104-07,0.0,0.0,0.0,2.5598562,3.6296463,0.0,0.0,4.185559,5.0670733,9.370204,1.4577016,2.3831193,0.0,5.092245,0.0,0.0,2.1411583,0.0,2.9201105,0.0,13.187587,0.0,0.0,6.58763,7.8428187,5.94646,0.0,0.13650724,0.54257107,0.0,8.743762,16.266672
TCGA-AP-A05A-01A-11R-A00V-07,3.32384,0.7636322,0.0,8.555931,0.09547758,8.087522,0.0,6.5750194,7.7100534,0.0,8.698782,0.0,0.0,2.622773,11.205125,0.0,1.4326357,0.0,1.0153491,0.0,0.0,0.0,1.9407434,0.0,2.8004785,0.0,0.0,7.4354196,3.5226195,8.478068,5.658517,0.0
TCGA-E6-A2P8-01A-11R-A19W-07,15.859495,0.98190784,2.5093749,10.342579,0.0,3.5430465,11.261633,3.0168362,0.0,0.0,5.031548,0.0,6.342335,15.127832,2.9292846,10.1324625,0.0,9.428346,1.7490113,0.0,0.0,0.0,0.76104593,2.11306,0.0,4.3109784,0.0,0.0,10.490553,0.0,0.0,0.6537718
TCGA-EO-A3AV-01A-12R-A19W-07,3.8462415,6.67972,14.156553,7.8817377,5.3349705,6.3826566,0.0,0.0,0.0,0.0,5.125281,0.0,0.0,4.6750145,0.0,7.0396256,0.4416619,5.492645,0.0,0.0,0.0,0.0,0.0,0.0,0.0,7.4650307,0.0,0.0,12.096035,0.0,0.0,7.9277153
TCGA-AX-A2H5-01A-11R-A17B-07,0.0,9.625502,0.0,0.0,14.988817,0.0,0.0,4.8870444,12.697778,0.0,5.703075,0.0,3.003529,0.0,0.0,1.3505113,0.0,4.240262,0.0,0.0,0.0,0.0,2.973422,0.0,0.0,0.0,0.0,5.36278,0.0,16.914768,0.0,0.0
TCGA-BG-A0M9-01A-21R-A104-07,0.0,10.247767,0.0,0.0,0.0,0.0,2.2681978,0.0,1.8631774,8.047985,2.7541347,0.0,3.660581,0.0,0.0,1.8630788,0.0,0.0,5.91769,8.493864,2.0168195,7.332137,3.0311227,0.0,2.349903,0.33480504,3.6092496,0.0,0.0,0.0,14.878655,1.0922348
TCGA-AJ-A3BK-01A-11R-A19W-07,0.0,0.0,10.432925,3.773834,0.0,0.0,0.0,0.0,0.0,3.2352214,2.1194816,0.0,0.0,0.0,0.0,2.4351645,5.2733645,0.0,0.0,2.1844978,0.62698376,0.0,1.8412346,3.8922043,0.0,0.0,8.33964,0.0,0.0,0.0,6.3265285,0.5640394
TCGA-KP-A3W0-01A-21R-A22K-07,4.767885,0.0,2.5826473,4.154039,0.0,10.392363,0.0,0.0,6.476533,0.0,0.0,0.0,0.64524907,6.6539774,5.5610676,0.0,10.570009,5.0287876,3.684063,0.0,0.0,0.0,1.7658368,8.042353,0.1434172,0.0,0.022390485,7.440021,5.5536985,12.627227,0.0,0.13483545
TCGA-B5-A11H-01A-11R-A118-07,2.6903014,1.0526694,7.523689,0.0,0.0,0.0,6.364921,0.0,1.2867744,0.0,1.3817343,3.125797,0.0,0.0,0.0,10.350597,0.0,3.1635177,7.7767816,2.1251714,0.28631356,4.7561483,0.0,1.7606618,0.0,2.10284,2.6694083,0.0,0.0,0.0,0.0,0.7558748
TCGA-QF-A5YS-01A-11R-A31O-07,0.0,0.019619845,5.537311,0.0,5.2421474,3.7298515,0.0,0.0,0.0,5.1470146,0.0,3.5114627,1.6352674,0.0,0.0,0.0,13.482358,0.0,0.0,5.073913,4.756428,4.912248,0.0,0.0,0.0,0.0,0.0,0.0,0.0,0.0,6.558406,1.8203053
TCGA-D1-A17B-01A-22R-A12I-07,0.0,2.6452572,11.050403,0.0,0.0,0.0,0.6578656,0.0,4.3709984,8.425828,5.8588805,5.875803,0.0,0.0,0.0,11.4330845,0.0,4.999175,12.614239,3.8093085,2.6427205,12.030962,5.0688596,0.4340064,0.0,3.2827199,7.4983306,0.0,0.0,0.0,0.0,0.0
TCGA-AJ-A2QK-01A-11R-A18M-07,8.161818,0.0,3.370921,0.0,0.0,1.1800293,0.0,0.0,4.470402,0.0,0.0,8.174993,1.1862903,3.5874293,0.0,4.501058,0.0,0.0,10.035364,6.875112,1.9547763,5.3106337,4.1229115,7.1395445,0.0,0.0,0.0,3.6870592,0.0,2.1610532,5.7395773,1.4532031
TCGA-D1-A177-01A-21R-A12I-07,0.0,3.0362413,0.0,0.0,6.98874,0.0,16.70102,2.6415703,0.0,2.9649212,7.0319195,6.0895247,0.0,0.0,3.155292,0.0,0.0,0.0,5.386413,0.0,0.0,0.0,0.0,0.0,11.4938,15.67047,0.0,0.0,5.976765,0.80218965,0.0,6.8748717
TCGA-B5-A3FC-01A-11R-A22K-07,3.8480718,0.0,4.0314436,4.598143,0.0,0.0,0.0,0.0,0.0,0.0,0.0,1.0147731,0.0,0.5660924,0.0,0.0,0.0,0.0,4.0194993,1.4959931,0.0,0.0,0.0,17.2676,7.0832605,0.0,9.568012,0.0,0.20288356,0.0,0.51181686,6.615728
TCGA-BS-A0UT-01A-11R-A104-07,0.0,0.0,0.0,4.416673,0.0,2.7478127,0.0,2.729271,7.056209,6.3992095,1.9268081,0.0,0.0,10.70072,8.491123,0.0,8.671016,0.0,0.0,0.0,10.422648,0.0,0.0,0.0,5.086738,5.3169875,0.0,2.8282142,0.0,0.0,4.8840904,4.3326044
TCGA-B5-A3FD-01A-11R-A19W-07,0.38815063,0.0,0.0,5.0408354,0.0,0.015287027,0.1970937,0.0,0.0,0.24124807,0.0,0.0,1.104442,0.0,0.0,0.0,1.1288819,0.0,2.9294314,8.697195,0.0,0.0,6.5173283,4.5101132,8.2449255,0.0,4.631452,0.7244252,0.0,0.0,9.230622,0.0
TCGA-D1-A175-01A-11R-A12I-07,0.0,0.0,0.0,0.0,0.0,0.0,10.243488,0.0,0.0,0.4046052,1.0401274,1.3850474,0.0,0.0,8.361538,0.0,0.0,2.2553265,10.816368,0.0,0.0,1.6986331,0.0,0.104045264,13.7809925,6.4276824,7.9920673,0.0,1.6146286,9.10415,0.0,0.0
TCGA-EO-A3KX-01A-11R-A22K-07,1.7597946,0.34804848,0.0,3.5156956,0.0,8.385028,6.819589,1.015497,0.0,0.0,0.0,0.43601346,4.7943387,0.2981837,4.3550925,0.0,0.0,0.0,0.0,2.5836,3.1547148,0.0,3.536008,0.0,5.1437397,0.0,3.4781203,0.0,0.57146955,0.0,2.1786115,0.0
TCGA-AP-A059-01A-21R-A118-07,0.0,0.0,13.13236,0.0,0.0,0.0,0.0,0.0,0.0,1.2430308,0.25363988,0.0,0.0,0.0,0.0,3.8306086,0.0,10.8486805,5.1976476,1.220198,0.0,0.0,0.0,4.5925164,0.0,0.0,1.8760518,0.0,3.4773085,0.0,0.0,0.7381408
TCGA-AJ-A8CV-01A-11R-A37O-07,0.0,9.737748,9.337133,0.2195269,1.5762085,0.20306347,6.082727,0.0,0.0,5.9283867,0.2869107,0.0,0.0,0.0,0.0,0.0,0.0,0.0,3.5544941,12.826578,1.7474846,4.099569,0.0,0.0,0.0,0.0,8.690174,0.0,0.0,0.0,0.93975866,2.63632
TCGA-FI-A2D2-01A-11R-A17B-07,0.8518286,3.094439,0.0,0.03980872,1.7895037,4.4080706,0.0,0.0,8.75566,0.0,0.0,0.0,4.7174883,5.6706243,8.845827,2.8824575,8.031704,3.4234517,4.025511,0.0,0.0,6.17857,5.2162657,0.0,1.5110797,0.0,0.0,0.893119,0.0,16.856222,0.72445256,0.0
TCGA-EY-A1G7-01A-11R-A13S-07,0.0,10.703148,0.0,0.0,3.9816408,4.484397,0.0,12.852721,1.0953557,2.581413,0.0,0.0,11.089141,0.0,6.659702,0.0,3.9255712,9.934504,0.0,0.0,0.0,5.892773,1.3050312,0.0,0.0,0.0,1.3603768,1.5545025,2.332692,6.171653,0.0,0.0
TCGA-AX-A1CR-01A-12R-A137-07,6.4388146,0.24121168,0.72620755,1.3314073,8.549184,2.4476454,0.0,0.0,6.654833,0.0,0.58006954,0.5105533,2.3066235,0.0,0.0,0.0,1.3116207,0.0,2.437585,1.3362861,0.0,0.0,0.0,0.3684531,1.2546593,0.0,0.0,4.5570874,0.0,7.824821,7.31672,4.746835
TCGA-EY-A1G8-01A-11R-A13S-07,2.7629964,0.0,0.0,2.913916,1.0722778,5.3668985,3.3304744,1.8796642,0.0,1.0624034,2.5605242,4.65679,5.6603737,0.0,7.738831,0.3767009,4.0030828,0.0,0.0,0.0,8.9404125,0.0,0.3443391,0.0,0.0,3.1960428,4.0217505,0.0,0.0,0.96514094,7.1289787,1.0081615
TCGA-D1-A3JP-01A-31R-A22K-07,7.8764253,3.6426568,0.0,0.0,15.538322,1.8888572,0.0,7.2419868,4.8935027,0.0,1.34196,5.9214177,1.3623276,14.314796,0.0,2.6645513,1.6727026,16.21435,0.0,3.6057677,0.0,0.0,0.0,0.0,0.0,5.986936,0.0,2.7007706,0.0,0.0,0.0,2.6188421
TCGA-D1-A0ZO-01A-11R-A118-07,0.0,5.159275,2.353215,0.0,0.0,0.0,6.5529056,0.0,0.0,4.774767,0.6880014,1.7722818,0.0,4.9367986,0.0,0.0,0.0,1.0521092,13.232985,15.603239,2.3949697,6.380069,3.361439,0.0,0.8329006,2.8436892,3.5076036,0.0,0.0,0.0,0.69083405,0.58672005
TCGA-D1-A2G5-01A-11R-A17B-07,0.0,2.676631,0.0,0.0,0.0,1.2918129,11.991188,0.48753113,0.0,2.2398183,2.395244,11.310572,7.5051703,0.0,2.6928172,0.0,0.0,0.0,2.0323005,12.226051,0.8171674,4.537283,15.008712,0.0,8.733193,0.0,0.56145763,0.9630528,0.0,0.0,7.6151204,0.0
TCGA-AP-A051-01A-21R-A00V-07,2.0333934,0.0,1.111149,0.0,0.0,7.1998086,13.773261,0.0,0.0,0.0,0.0,9.200358,2.2753754,0.0,2.6148202,0.0,0.0,7.488862,8.428526,0.0,6.4740396,3.799699,0.0,5.6323676,6.822323,10.031231,8.267429,0.0,4.0433393,0.8704176,0.0,8.857299
TCGA-AX-A2H8-01A-11R-A17B-07,2.0743892,0.4133943,0.335079,0.0,0.0,5.60725,0.0,0.0,8.209672,0.0,0.0,0.25808668,4.657486,0.37899068,7.8886447,2.1087892,12.514739,2.9199762,0.5853167,0.0,0.0,6.2469835,7.5819383,2.5555425,0.0,0.0,0.0,7.290616,0.0,13.833583,0.0,0.0
TCGA-FI-A2D5-01A-11R-A17B-07,11.203692,0.42722228,0.0,4.552297,0.0,0.7033783,16.384287,0.62124217,0.0,0.0,1.5197951,3.945437,5.705219,7.608151,7.766445,10.540464,0.0,6.741731,11.475789,0.0,4.3890285,0.0,6.384342,3.6848729,6.07495,3.5907857,7.2430034,0.0,0.0,9.066007,0.0,0.0
TCGA-B5-A3F9-01A-21R-A22K-07,0.0,0.0,0.19416405,0.0,0.0,0.23098122,0.0,0.0,0.0,3.2376328,0.0,1.6811739,0.0,2.4806263,0.0,0.0,7.7718596,0.0,1.5902221,12.383784,4.823293,5.6699996,6.511226,7.2622147,7.47122,0.0,8.356619,0.0,0.0,0.0,1.9636389,0.0
TCGA-BK-A139-01C-08R-A277-07,3.7477632,0.0,0.0,0.0,0.0,0.0,0.0,0.0,4.649618,0.0,0.0,2.9611726,27.096613,14.593548,0.0,0.28607818,5.782116,18.69421,0.0,8.692242,0.0,12.937585,0.06523439,7.642504,12.29493,0.0,0.0,6.912623,0.0,4.0398083,0.0,5.77001
TCGA-E6-A2P9-01A-11R-A19W-07,0.0,1.1740763,4.404019,0.0,0.0,8.203291,19.864914,0.062645376,0.0,0.0,0.0,11.427684,6.0777164,0.0,0.0,0.0,0.0,0.0,3.945645,11.576393,0.7579545,3.4164622,0.0,0.0,8.672041,4.853552,6.2927575,0.0,2.182264,0.0,0.0,5.8736444
TCGA-EO-A3AY-01A-12R-A19W-07,0.0,4.7952957,10.678507,13.604231,1.239871,4.615599,0.0,0.0,0.0,0.0,4.617825,0.0,0.0,0.0,1.3581352,2.0892346,4.321893,0.0,0.0,0.0,0.0,0.0,0.0,0.0,0.0,0.34130976,8.153833,0.0,4.8042545,1.2454773,3.0430875,4.2342086
TCGA-B5-A11Z-01A-11R-A10J-07,0.0,0.0,0.0,0.0,0.0,0.0,4.0677857,3.1933293,0.0,11.449975,0.058674186,14.521182,0.0,4.493354,1.1030304,0.0,0.0,1.7685777,0.0,6.5711393,17.026793,9.915312,0.81317246,0.0,5.985931,8.827902,0.0,0.0,0.0,0.0,0.0,0.6076277
TCGA-BG-A0W2-01A-11R-A109-07,0.0,0.0,0.74714136,0.0,0.0,0.0,0.0,0.0,0.0,11.243397,0.0,6.6537848,0.0,0.0,0.0,0.0,6.409641,0.0,3.1335642,9.237593,11.71273,4.601919,8.023489,9.47935,5.635913,0.0,11.693847,0.0,0.0,0.0,0.43865418,0.0
TCGA-DI-A1BY-01A-21R-A137-07,0.59973705,0.0,1.2964463,1.8299338,0.0,0.0,0.7795881,0.0,3.4852424,2.6156142,0.0,0.0,0.0,5.332624,0.0,1.6586006,0.0,0.0,6.2375016,7.308412,5.6737523,0.0,0.0,2.9100804,0.0,0.0,0.0,0.0,0.0,0.0,4.3272815,5.7391562
TCGA-AX-A2HA-01A-12R-A18M-07,0.17009275,0.0,0.0,0.4636032,0.0,5.8918843,3.4002254,0.0,0.0,0.0,0.0,2.1094875,2.6305866,0.0,4.1005006,0.0,0.0,0.0,0.3486309,0.0,2.895476,0.8190472,0.0,3.9091067,5.787056,2.3612761,5.68872,0.0,4.106782,0.0,4.3382382,6.98171
TCGA-AX-A063-01A-11R-A00V-07,2.9131155,0.0,3.7185113,0.0,0.0,5.2477407,4.630282,0.06640452,0.0,2.63649,1.134811,6.987255,0.0,0.061304957,0.0,0.0,0.0,1.2861533,4.66316,3.3971777,4.2863,0.2665729,0.0,4.1549797,1.3093145,5.0248995,0.5314859,0.1089952,2.814337,0.0,0.0,6.3866706
TCGA-D1-A16O-01A-11R-A12I-07,0.0,4.328568,0.0,0.0,0.0,0.0,6.005736,3.5995603,0.0,12.755418,0.0,0.0,0.0,2.5069788,0.0,0.0,0.0,0.0,9.24658,6.508764,3.6520793,7.3650246,0.0,0.0,11.693145,8.18598,2.91956,0.0,0.0,0.0,3.0192804,5.5723734
TCGA-D1-A17A-01A-11R-A12I-07,0.0,11.103536,0.0,0.0,0.0,5.822461,1.9742625,0.0,0.3100671,5.2009854,3.6419976,0.98269755,0.0,4.654175,0.0,0.0,0.0,0.0,11.058137,7.7220516,1.0664696,3.3853188,0.19688186,0.0,0.0,9.04641,0.0,3.1953337,0.0,0.4787433,3.784862,2.235981
TCGA-D1-A1O0-01A-11R-A17B-07,9.611562,0.0,0.0,0.0,1.9176373,0.0,2.4036024,0.0,0.0,0.0,3.776441,4.464305,0.94971484,0.0,0.0,0.0,0.0,0.0,0.0,3.2542691,0.0,0.0,5.4969416,2.7543762,4.6245756,0.0,0.0,3.9724073,0.0,0.0,6.683561,0.0
TCGA-AP-A05J-01A-11R-A00V-07,0.0,0.6553824,0.0,6.856743,0.12634021,0.6586808,0.0,3.6271935,11.870925,1.9319756,12.078148,0.0,0.0,0.0,13.836505,0.0,0.71710837,0.0,0.39214665,0.0,0.0,0.0,6.957723,0.0,3.910751,0.0,0.0,10.794424,2.8156583,14.223458,9.106198,0.0
TCGA-AJ-A3NF-01A-11R-A22K-07,5.513202,0.0,0.0,6.0346856,0.0,2.8311937,0.0,0.0,6.822409,0.0,0.0,0.0,0.40078497,15.57333,0.78671867,0.0,7.7690225,9.037305,7.1064444,3.182386,0.0,0.0,9.614804,1.738151,1.3445256,0.0,0.0,7.406399,0.0,10.766181,0.0,0.0
TCGA-BK-A0C9-01A-11R-A00V-07,0.0,3.8235888,7.983393,0.0,0.0,0.0,8.224878,0.0,0.0,8.295558,11.700631,1.8675972,0.0,0.0,0.0,0.0,0.0,0.0,7.633309,4.618796,0.0,0.0,3.0073755,0.0,0.0,0.32992628,6.6058793,0.0,0.6667521,0.0,7.3021,0.0
TCGA-FI-A2CY-01A-11R-A17B-07,6.344579,0.49671996,8.26152,3.246872,7.8637986,0.0,0.0,0.0,1.1998556,0.0,0.0,0.0,8.210274,0.0,1.8018651,5.190998,4.4196973,9.803381,0.0,0.0,0.0,0.0,0.6100651,5.704842,0.0,0.0,3.4031081,0.0,4.7909017,19.403833,0.0,0.0
TCGA-B5-A0K4-01A-11R-A040-07,0.0,0.2748836,0.0,3.6356807,0.0,3.6296742,4.848349,0.36269468,0.27343753,1.9587102,16.205381,7.8989253,0.9950652,0.0,10.963905,0.0,0.0,0.0,5.7403545,0.0,0.0,0.0,5.550633,3.948778,3.647864,3.093457,1.8232049,4.035372,3.0569108,7.450896,18.153267,0.0
TCGA-E6-A1LX-01A-11R-A14D-07,0.0,0.16470864,0.0,0.9483394,5.3106036,0.029251829,10.294586,2.4768114,0.0,2.6233256,2.282008,0.0,0.0,0.0,1.3680844,0.0,0.0,0.077248916,2.4673178,0.0,2.6305208,0.14318138,0.0,0.0,4.556709,6.964404,5.004624,0.0,3.7475493,1.8067602,0.0,4.8424397
TCGA-D1-A17U-01A-21R-A12I-07,0.0,11.096241,3.3768966,0.0,0.0,0.0,10.138927,0.0,0.0,7.5903416,3.5493348,0.0,0.0,0.0,0.0,7.6462893,0.0,2.2979264,6.693479,6.9105005,8.655949,5.761026,0.06641564,0.0,0.0,8.563879,8.1383095,0.0,0.0,0.0,0.0,0.0
TCGA-B5-A11S-01A-11R-A118-07,0.0,0.0,0.0,0.0,0.0,0.0,0.13888308,0.0,0.0,5.374228,0.0,4.84005,0.0,0.0,1.7923642,0.0,0.0,0.0,4.4731803,2.6976004,1.9454645,8.180676,4.464927,4.1726065,9.350703,0.0,8.782262,0.0,0.0,0.0,2.0141332,0.0
TCGA-B5-A0K0-01A-11R-A16W-07,0.0,0.0,0.0,0.0,0.0,0.0,0.0,6.0269046,4.8811245,6.2931895,0.0,1.827104,0.0,11.924153,1.0734909,0.0,9.494927,10.5778265,0.0,0.0,15.399309,4.222327,0.0,4.800615,2.699658,1.6850395,0.0,0.0,0.0,0.0,0.0,2.1887991
TCGA-EY-A549-01A-11R-A27V-07,0.0,0.0,1.463807,0.0,0.0,4.296269,5.9490514,0.0,0.0,2.5851033,0.7169887,12.074405,2.834418,0.0,0.0,0.0,0.56023645,0.0,0.0,13.0269785,5.914593,4.942937,3.9365635,0.0,2.5247052,1.0381774,0.0,1.4105213,0.0,0.0,4.086296,0.0
TCGA-AX-A1CN-01A-11R-A137-07,4.9020977,0.0,0.0,5.224749,0.0,0.0,8.094938,12.520768,2.2784228,0.0,0.0,1.1096746,14.982369,17.277685,10.151817,11.324587,0.0,10.590853,0.0,0.0,21.020628,1.6920314,0.0,1.549919,2.1736767,4.7362404,0.38181925,0.0,1.4743559,0.0,0.0,5.3682046
TCGA-D1-A16B-01A-11R-A12I-07,0.0,1.7569358,1.5766858,0.0,0.0,0.0,0.0,0.23074722,4.4511414,4.1959767,0.0,0.839589,0.0,4.7901564,0.0,8.132965,5.048509,5.3882146,2.562105,4.7807174,12.008407,6.8870897,3.0563462,0.0,0.0,0.0,2.5400724,0.0,0.0,0.0,0.0,0.0
TCGA-FI-A2EW-01A-11R-A17B-07,1.2917536,4.67008,0.30970764,0.0,0.85040146,1.8837862,0.0,0.64799434,6.1529627,0.0,3.656566,0.0,0.41055816,0.0,0.0,0.0,0.0,0.0,0.0,0.0,0.0,0.0,0.0,1.197877,4.412965,0.0,0.0,14.358046,13.673403,0.0,5.082895,7.8494477
TCGA-D1-A17M-01A-21R-A12I-07,0.0,0.0,1.8325158,0.0,0.0,6.256937,0.0,0.0,1.0322007,4.087847,2.0273921,3.5508928,0.0,0.92167103,5.016563,7.2622604,4.0222945,3.095453,0.0,0.0,11.180704,3.22862,0.0,0.0,0.0,10.530255,2.4467607,0.0,0.79636,0.0,0.0,5.5360208
TCGA-B5-A0K3-01A-11R-A040-07,0.0,9.24997,6.4806705,0.0,11.516463,0.0,0.7789086,0.0,4.544381,1.4353156,7.121185,0.0,1.8321877,0.0,0.0,2.980763,0.31128913,0.0,0.0,0.0,0.0,0.0,4.222547,0.0,0.0,0.0,1.3855773,0.0,0.0,16.02823,1.9471986,0.0
TCGA-BG-A0M3-01A-11R-A104-07,0.0,0.0,0.0,0.0,4.6655235,0.92078364,0.026296057,0.0,0.0,7.344612,0.0,3.1791701,0.18784054,0.0,5.392506,0.0,1.674509,0.0,0.0,0.0,2.333283,7.1025753,0.0,1.8990631,6.7186975,6.1149173,2.3771086,0.0,0.0,0.0,9.284585,13.342704
TCGA-BG-A0MQ-01A-11R-A104-07,0.0,0.45917854,0.0,0.0,0.7673786,9.044526,5.853413,0.9289326,0.0,4.575091,7.768394,11.032798,0.0,0.0,2.1248286,0.0,0.0,0.0,0.0,0.0,0.0,0.0,0.0,0.0,7.9817367,8.841921,0.0,6.3633046,3.3309314,0.0,2.0368655,1.7178837
TCGA-A5-A0VP-01A-21R-A104-07,0.0,3.206153,0.0,0.0,0.0,0.0,3.5845945,0.0,4.6653347,0.0,0.0,7.9595356,15.467938,0.0,10.123169,19.595987,0.0,0.0,5.221249,0.0,1.8556708,12.26896,0.0,4.204592,0.0,4.17648,5.564206,0.0,0.0,1.8604901,10.881562,5.4120526
TCGA-AJ-A3BD-01A-11R-A19W-07,4.078011,1.7006166,7.650065,4.9416566,5.8852344,3.2334266,0.0,0.0,0.0,0.0,4.8505263,0.0,0.0,0.0,0.0,0.0,6.5601454,0.0,0.0,4.2655134,0.0,0.0,1.1955178,0.0,0.0,0.0,0.0,8.52346,1.4211168,0.0,0.67076474,0.0
TCGA-B5-A11P-01B-11R-A14D-07,0.0,3.74091,0.0,0.0,0.0,3.7746224,0.0,0.0,1.911648,4.449571,0.65960276,9.677485,11.294371,0.0,14.267779,1.6211252,9.893649,0.0,0.0,0.0,1.9198972,9.286367,6.965878,0.0,0.0,0.7364758,0.0,0.9874785,0.0,4.3168716,11.8204,0.0
TCGA-D1-A1O8-01A-11R-A14D-07,15.812942,0.0,9.915173,3.3265066,0.0,0.9261435,6.8490553,10.953235,9.047601,0.0,2.1345801,4.800194,0.0,12.655287,0.0,10.466372,2.4671001,9.866764,2.4342906,0.0,16.156477,0.0,0.0,12.491934,0.0,1.1600313,0.0,0.0,2.336318,0.0,0.0,7.585414
TCGA-D1-A16R-01A-11R-A12I-07,0.0,0.0,0.46714562,0.0,0.0,0.40715438,0.0,0.0,2.6103082,9.203637,2.0587256,4.965582,0.0,3.2190342,0.0,1.0104349,4.6002326,1.3766536,3.5898561,0.0,16.298708,2.514955,0.53834486,4.8508697,0.66503304,4.1790686,6.8752446,0.0,0.0,0.0,0.0,1.2704521
TCGA-AJ-A3TW-01A-11R-A22K-07,9.5330925,3.3544495,11.259277,11.237265,4.2897997,4.5443,3.3910322,2.6102872,0.0,0.0,0.0,0.0,15.871139,0.0,0.0,1.1980557,0.0,1.6728323,0.0,0.0,0.0,0.0,0.0,7.5162473,0.0,0.0,3.5485663,1.9023881,15.845301,13.419712,0.0,6.7034116
TCGA-AX-A1CE-01A-11R-A137-07,3.3628519,7.039154,0.8244767,0.11340468,2.0322828,0.0,16.976166,0.0,0.0,0.0,0.0,0.9398499,7.996615,0.0,0.0,8.416196,0.0,0.0,6.0955405,1.1517491,1.2523576,0.45841545,0.0,0.0,3.7535548,0.31045556,4.052329,0.0,0.09050079,9.186164,4.5633883,1.2201608
TCGA-AX-A3G8-01A-11R-A22K-07,0.0,8.72712,0.0,16.843195,3.8129697,11.638505,4.054191,1.8916593,0.0,0.0,3.9554098,0.0,16.551136,0.0,11.865601,0.0,0.0,0.0,0.0,0.0,0.0,0.0,0.0,0.0,0.0,7.071245,0.02000153,0.0,2.6178567,0.0,8.832366,8.128169
TCGA-BS-A0V4-01A-11R-A14D-07,0.0,4.4711485,0.0,17.487715,13.120492,0.0,0.0,0.443915,5.205357,8.713605,8.585657,0.0,0.0,4.3577223,0.0,0.0,0.0,0.0,8.802479,0.0,0.063195355,0.0,0.0,0.0,1.553344,14.06755,0.0,0.0,0.0,0.0,13.41573,19.666666
TCGA-BS-A0TA-01A-11R-A104-07,0.0,0.3477545,13.180556,1.3109931,0.0,0.0,0.0,0.0,0.0,0.075320244,1.9047506,0.0,0.0,0.0,0.0,0.46586797,0.0,0.32963413,2.8957002,5.5696287,0.0,0.0,0.0,2.87463,0.0,0.0,0.6434572,0.0,6.4982934,0.0,0.0,4.682218
TCGA-QF-A5YT-01A-11R-A31O-07,0.0,0.0,0.0,11.799369,0.0,0.0,0.0,3.8217309,0.0,5.494865,0.0,0.0,1.4590759,3.6434882,6.586249,3.4095948,6.8657737,0.0,0.0,0.0,13.712266,0.0,3.1654963,0.6753308,0.0,0.0,10.953903,0.0,0.0,0.0,7.566459,0.0
TCGA-EO-A3AS-01A-11R-A19W-07,6.793815,0.0,0.0,0.0,0.0,12.5599165,0.0,0.0,1.1827722,0.0,0.0,8.834744,0.4551348,7.229103,3.1974308,0.6183467,8.696075,7.7334404,0.0,1.2865576,3.4561613,3.9777915,2.8852158,0.8537314,0.0,3.2355745,0.0,5.400113,0.0,0.0,0.0,0.0
TCGA-AX-A1C4-01A-11R-A137-07,0.0,2.1733282,0.0,4.858164,5.7654505,0.026428461,9.711752,6.8880525,0.0,3.1336133,7.3951316,0.0,0.0,0.0,12.289852,0.0,0.0,3.698665,0.0,0.0,0.0,0.0,0.0,0.0,4.0003366,11.275692,6.602061,0.0,8.498582,0.9536622,0.0,0.3443935
TCGA-BG-A0W1-01A-12R-A109-07,0.0,0.0,0.46057367,0.0,0.27453458,0.06942062,1.8867099,0.0,0.0,9.492465,8.422286,10.807171,0.0,0.0,0.0,0.0,0.0,0.0,0.0,10.380173,0.0,3.714903,2.3587024,0.0,7.589078,0.0,0.0,8.591314,0.0,0.0,11.427974,1.4847902
TCGA-A5-A0GH-01A-21R-A16W-07,8.555238,2.8902154,0.0,0.0,2.456988,0.0,8.956151,12.877118,0.0,0.0,12.150454,0.23572235,0.31446344,8.140423,8.295076,4.0237274,0.0,12.2667675,0.0,0.0,0.0,0.0,6.1643367,0.0,0.0,3.650084,0.0,0.0,4.064283,0.0,0.0,0.0
TCGA-AP-A0LT-01A-11R-A040-07,0.0,0.0,0.0,6.325558,4.014228,1.1479506,8.551345,0.0,0.0,1.5116997,6.375451,0.76054794,1.8213117,0.0,9.36762,2.4488087,0.0,0.0,1.441531,0.0,4.501271,0.0,0.0,1.6720504,0.0,13.679781,6.9991508,0.0,5.086095,3.232013,4.7148805,10.529452
TCGA-AP-A05O-01A-12R-A118-07,0.0,2.6392937,11.378182,0.0,2.4043946,0.0,3.266266,0.0,0.0,6.8983083,5.5712705,3.4881911,0.0,0.0,0.0,0.0,2.173764,0.0,0.0,5.7333145,1.452186,0.0,5.186462,0.0,0.0,0.0,6.8467164,0.0,0.0,0.0,1.4855869,0.0
TCGA-JU-AAVI-01A-11R-A40A-07,9.5903425,0.0,4.953892,10.810029,4.781245,0.40745997,0.7710259,8.278789,0.7385757,0.0,0.0,0.0,1.483995,15.167711,0.0,1.4508195,1.38128,7.4308896,0.0,0.0,0.0,0.0,0.0,5.5338855,0.0,0.13845125,0.0,0.0,13.246057,0.0,0.0,8.378318
TCGA-AX-A3FZ-01A-11R-A22K-07,9.358404,0.0,0.0,16.127207,0.0,0.0,6.139994,25.564764,0.0,0.0,0.0,0.0,2.0238729,20.50128,10.978368,0.0,0.0,1.9756141,0.0,0.0,1.7368009,0.0,4.791874,17.154095,28.11057,0.0,0.0,0.0,4.0703373,0.0,0.0,0.0
TCGA-BG-A0MO-01A-11R-A040-07,0.0,0.0,6.3509126,0.0,3.022346,3.1864576,3.1561706,0.0,0.0,11.632291,1.4170434,20.056263,0.2813592,0.0,3.8230882,0.0,5.273166,0.0,0.0,0.0,13.185226,5.313592,0.0,8.3164215,0.0,9.109662,7.120688,0.0,0.0,0.0,6.7605834,15.546546
TCGA-D1-A16I-01A-11R-A12I-07,1.5445334,0.7164041,0.0,0.39199615,5.528843,0.0,0.0,8.940356,14.86659,2.847245,11.286999,0.0,0.0,4.099945,2.7893553,0.22164616,0.0,4.0019226,5.6746454,0.0,0.0,0.0,9.069335,0.0,0.0,0.0,0.0,3.289899,0.0,17.807014,0.0,0.0
TCGA-D1-A17R-01A-11R-A12I-07,0.0,0.0,0.0,0.0,0.0,0.883917,0.0,0.2859288,5.509903,8.2538805,9.651787,5.239329,0.0,5.617873,10.76841,3.9585602,3.255061,1.6605301,0.8786292,0.0,12.65803,2.7215064,0.8176919,0.0,0.0,13.342405,0.0,0.0,0.0,0.0,0.0,0.0
TCGA-EY-A54A-01A-11R-A27V-07,0.88248193,0.0,0.11537005,0.0,5.3112574,0.0,0.0,0.74376076,0.0,0.0,0.0,0.0,0.0,5.5457177,0.0,0.0,6.5059257,15.679505,0.0,6.18089,0.0,0.8509481,4.423504,0.0,0.0,0.0,0.0,2.4764664,0.0,0.0,0.0,0.0
TCGA-FI-A2D6-01A-11R-A17B-07,16.013494,0.0,1.11316,7.097781,0.0,1.7669184,13.356896,14.051002,0.0,0.0,7.857127,0.6873795,0.0,6.6589465,5.5556912,0.38448545,0.0,4.9931207,0.913822,0.0,0.0,0.0,6.589424,13.206732,4.456894,0.0,2.083466,0.0,10.489766,3.8641007,0.0,0.0
TCGA-BK-A0CB-01A-32R-A104-07,0.0,0.0,0.0,3.8991334,0.0,2.1594386,0.0,1.1622212,2.561887,5.2470417,4.633942,0.0,0.0,11.114908,2.301097,0.18719456,0.860778,0.0,5.082587,0.40541315,11.768346,0.0,0.0,0.0,0.63289106,8.587593,0.0,0.0,0.0,0.0,1.0398619,2.3605685
TCGA-AX-A2HG-01A-11R-A17B-07,0.0,0.0,0.0,3.4705257,3.8188305,0.0,2.4426744,4.7120767,0.55156547,1.7000172,1.7742574,0.0,0.0,4.064995,0.0,0.0,0.0,3.1993072,0.0,0.0,0.0,0.0,0.0,0.0,0.8594222,1.9193769,0.0,0.0,8.545775,0.0,0.0,1.7569407
TCGA-A5-A1OG-01A-11R-A14D-07,5.189609,0.08186578,3.2423947,2.691146,0.47648722,0.0,0.0,0.22499156,6.5436854,0.0,1.5584222,0.0,0.79176176,0.4040375,0.77129006,2.768344,5.7690935,0.0,0.58813775,1.8870145,0.0,0.0,4.3262715,1.4387476,0.0,0.0,0.0,7.8411593,1.6038599,5.039184,2.402969,0.0
TCGA-D1-A3DH-01A-11R-A19W-07,9.956084,0.0,0.0,1.6367131,0.0,20.285023,0.0,6.2145433,0.0,0.0,0.49065807,8.3602,7.816501,1.0863312,10.016108,0.0,6.071044,0.32688254,0.0,0.0,0.0,0.0,4.6990905,0.8288729,6.2525287,0.0,0.0,16.135101,9.06591,0.7447389,0.0,0.0
TCGA-D1-A16Q-01A-12R-A12I-07,0.0,0.0,3.255902,0.70244426,0.0,0.0,0.0,0.0,5.5284057,6.6638107,2.5070028,0.0,0.0,3.7351923,0.0,1.9146148,3.6408317,0.0,5.465099,6.2659497,8.010956,0.10808589,0.0,3.606027,0.0,0.0,0.0,0.0,0.0,0.0,3.572652,2.6023703
TCGA-D1-A17D-01A-12R-A12I-07,0.0,6.879814,7.0490522,0.0,0.0,0.0,5.8410907,0.0,0.0,10.198153,9.75975,0.0,0.0,0.0,0.0,0.32375714,0.0,0.0,6.895124,0.0,0.0,3.6909878,0.0,0.0,0.0,0.1852558,7.9411435,0.0,3.5522778,2.9616516,7.7392745,1.9156224
TCGA-AX-A3FS-01A-11R-A22K-07,13.139592,0.0,0.0,11.81684,0.0,3.189128,8.538344,9.794765,0.0,0.0,1.4220948,0.0,2.2534494,12.566225,7.4028788,0.0,0.0,6.738196,0.0,0.0,0.0,0.0,7.225149,7.783174,8.215976,0.0,1.6662798,0.0,7.4028683,3.1591926,0.0,0.0
TCGA-B5-A1MZ-01A-11R-A144-07,0.0,0.0,0.0,0.0,0.0,5.034171,0.0,0.0,0.0,3.9531896,0.0,6.1552725,0.0,1.0434301,0.9934407,0.0,3.8796487,0.16743743,2.1341295,2.9810495,9.26952,7.3296566,0.93018353,4.7980003,6.0076733,2.4833431,8.341425,0.0,0.0,0.0,0.0,3.525673
TCGA-A5-A2K2-01A-11R-A18M-07,0.8950565,4.534087,0.0,0.0,2.6456559,8.10534,0.0,0.0,0.0,0.0,0.0,1.6921151,10.577941,0.0,0.7020617,0.0,0.0,3.4450274,0.0,0.0,0.0,0.0,0.0,0.0,6.303279,0.0,0.0,16.866209,14.630977,0.0,0.0,4.4630876
TCGA-EO-A22S-01A-11R-A18M-07,3.0958729,0.0,0.0,6.2564425,0.0,3.4012132,10.901131,3.0331097,0.0,0.0,1.731196,0.0,5.110228,0.0,14.458345,3.8773062,0.0,0.5637403,1.2604463,0.0,4.7594085,0.0,0.0,3.0117507,3.9671557,9.152296,7.959663,0.0,7.369605,4.131577,0.0,3.9426897
TCGA-AJ-A2QL-01A-11R-A18M-07,0.0,0.21539018,7.383635,0.0,0.0,0.0,3.4233208,0.0,0.0,3.6067123,0.0,4.9455447,5.5349965,0.0,0.0,8.131884,0.0,0.0,9.06253,12.722078,3.614701,13.345157,10.638913,4.7511334,0.0,0.0,17.997269,0.0,0.0,0.0,5.7438035,0.0
TCGA-D1-A16V-01A-11R-A12I-07,4.022895,0.044819556,4.3575706,0.0,0.0,1.6706797,4.58299,0.0,0.05467146,0.0,1.5778704,12.367021,9.22469,0.0,5.877061,12.437498,0.0,0.0,9.166227,0.0,1.0825363,6.415473,0.0,7.510408,0.0,7.433669,4.6652694,0.0,0.0,2.9351666,10.450504,3.9679275
TCGA-AP-A0L8-01A-11R-A040-07,5.800015,0.0,0.0,2.609025,0.0,8.070429,5.426687,14.45813,0.0,0.08106494,0.033490807,0.0,0.0,0.45297143,4.5789084,0.0,0.0,8.420222,1.6248267,0.0,0.0,0.0,10.062346,0.0,3.5198567,0.0,4.4301534,0.0,0.0,9.500014,0.0,0.0
TCGA-BG-A0MG-01A-21R-A104-07,0.0,7.098652,1.934349,0.0,6.8104677,0.0,0.0,0.0,0.0,6.3125095,1.9921097,0.0,0.0,0.0,0.3529076,0.65216076,5.10683,2.3777955,0.0,0.0,0.0,4.9750423,2.5685878,0.0,0.0,0.0,1.2375259,0.0,0.0,0.0,0.0,0.0
TCGA-BG-A3PP-01A-11R-A22K-07,6.2263093,1.5686557,0.0,11.005897,0.0,13.863714,0.29400468,0.0,0.0,0.0,0.0,0.0,9.0054455,8.14963,5.915388,0.0,1.4885156,1.1043608,7.8430486,2.2666132,0.0,0.0,7.9085703,1.5296772,7.0700493,0.0,5.1467295,0.23882833,0.0,11.086252,0.6037754,0.0
TCGA-A5-A3LP-01A-11R-A22K-07,15.284947,8.348579,0.0,0.0,6.270247,19.074932,0.0,5.427332,6.350729,0.0,3.5274537,13.068162,14.6648,9.873574,5.239402,0.0,2.2927518,6.273827,0.0,0.0,0.0,0.0,0.0,0.0,0.0,2.8581905,0.0,16.942947,8.219315,12.879333,0.0,1.2905222
TCGA-EY-A72D-01A-12R-A34R-07,0.0,0.0,0.0,4.8746924,0.0,5.0810027,0.0,8.632643,7.8677077,1.844084,0.0,0.0,0.0,1.0599111,16.173555,0.0,6.3303986,0.3301029,0.0,0.0,1.9100131,0.0,0.0,3.4505556,4.790882,1.044341,4.173989,2.49156,7.884483,7.391047,0.0,1.0251333
TCGA-AX-A2H4-01A-21R-A18M-07,7.068663,0.021690242,7.17246,4.2792835,0.25077122,1.3105459,0.0,0.57639897,0.0,0.0,0.0,0.0,1.9775562,3.513508,0.0,0.21201202,0.0,1.2858208,0.0,0.0,0.0,0.0,0.0,5.531555,0.0,0.0,0.0,8.087137,17.296986,0.0,0.0,7.946966
TCGA-AX-A2H7-01A-12R-A18M-07,2.2713914,0.0,0.0,0.0,0.0,0.0,0.0,0.0,0.0,0.0,0.0,5.913026,4.0249434,0.0,5.1899414,1.1320099,0.0,0.0,5.5230856,2.3180325,0.0,5.87763,6.683786,7.8218193,10.395825,0.0,4.608467,0.0,0.0,2.7685442,13.194768,0.0
TCGA-A5-A0RA-01A-21R-A104-07,0.0,10.521284,5.553759,0.0,4.002882,0.0,1.0522219,0.0,0.0,6.432974,0.0,0.0,0.0,0.0,0.0,0.0,0.0,0.9380106,1.5945809,12.183861,0.0,7.0458574,0.0,0.0,0.0,0.0,0.72042084,0.0,0.0,0.0,1.005706,0.7684132
TCGA-BS-A0UV-01A-11R-A16W-07,7.961306,8.018217,1.8964524,1.8428404,0.0,2.03918,9.339061,1.5572717,0.0,0.0,4.7528453,0.0,5.071152,0.0,0.0,5.1352944,0.0,0.0,1.8322484,4.3082814,0.0,0.0,8.483656,0.0,0.0,0.0,0.6069098,0.0,0.9596299,0.7111098,3.1952593,0.0
TCGA-EY-A1GE-01A-11R-A13S-07,0.0,7.68783,2.0556295,0.0,0.0,0.0,7.180982,0.0,0.0,6.30015,0.0,6.8618097,2.4930182,4.128334,0.0,0.0,0.0,2.509213,11.0567875,20.389606,1.6023203,13.609976,0.64794147,0.0,1.4364378,4.678531,0.18135631,0.0,0.0,0.0,1.5243328,3.6678214
TCGA-PG-A917-01A-31R-A37O-07,3.3623142,0.0,8.542746,0.0,0.0,5.106373,0.0,0.0,0.0,1.9568634,0.0,9.405297,0.0,0.0,0.0,0.0,7.8255353,0.13851498,0.0,1.1464587,0.99325573,0.0,6.9449296,14.945102,0.8209245,0.0,9.26703,0.0,0.0,0.0,0.0,0.0
TCGA-A5-A0GN-01A-11R-A040-07,0.0,0.0,0.16652884,0.0,0.0,6.1284757,0.0,0.0,3.1276188,4.3418264,0.0,4.2282677,0.0,5.2874665,0.0,0.0,3.9785466,0.0,2.071337,0.0,8.669739,1.0912052,0.0,6.1313486,2.566396,6.8500524,0.0,1.6120334,2.9357078,0.0,0.0,13.244028
TCGA-AP-A5FX-01A-11R-A27V-07,5.984651,2.3412123,4.3144608,0.0,0.0,0.10615848,5.0983334,0.0,0.0,0.0,0.0,3.8786469,10.5217285,1.4052309,0.0,0.0,0.0,0.0,3.672724,18.095364,0.0,1.1383953,2.0442057,1.3873806,2.6777368,0.0,0.0,5.074956,0.0,0.0,10.322721,4.389568
TCGA-B5-A0JR-01A-13R-A466-07,1.0653597,0.0,2.191538,4.830755,0.0,9.078275,13.213743,0.0,0.0,0.0,0.0,3.8286827,0.0,0.0,0.016520008,0.0,0.0,2.164995,7.55899,0.0,3.7844555,0.0,0.0,6.1856465,5.950403,10.8094845,5.8709726,0.0,6.1522336,0.0,0.0,13.104828
TCGA-BS-A0UM-01A-11R-A104-07,0.0,1.8689377,12.140757,0.0,0.0,0.0,6.1067805,0.0,0.0,6.3587604,3.6137798,13.156142,0.0,0.0,0.0,3.1296508,0.0,1.2482985,3.2706861,10.062473,4.278113,7.7684093,0.0,0.0,0.0,4.763932,0.2668363,0.0,0.0,0.0,0.0,3.6291244
TCGA-BG-A0MI-01A-11R-A040-07,0.0,0.16979447,3.9007719,0.0,0.9535788,0.0,0.0,1.0451657,2.2962837,10.077807,2.486249,2.2891014,0.0,0.0,1.5532404,6.7038426,8.582849,5.1733975,0.0,0.0,14.370414,4.5152802,0.05228421,0.0,0.0,3.0746143,6.2561474,0.0,0.0,0.0,0.0,0.0
TCGA-EY-A1GX-01A-12R-A13S-07,0.0,7.354644,0.0,0.0,3.036006,0.0,14.339003,0.047833383,2.0549889,0.0,4.466289,14.064195,19.097717,0.0,6.388387,0.0,0.0,0.0,0.0,0.0,0.0,2.554843,1.0523531,0.0,10.88506,0.7396221,0.0,6.7216306,0.0,8.640455,20.551212,4.9882402
TCGA-AX-A3GB-01A-11R-A22K-07,0.0,0.0,2.6472125,0.0,0.21755254,0.71862733,0.0,3.6776996,0.0,10.815009,0.0,5.5189795,0.0,3.8242471,0.0,0.0,4.6623774,0.0,4.107226,18.706978,9.671789,5.7368717,0.0,0.0,3.0483353,0.0,0.12707317,0.21588871,0.0,0.0,4.801145,6.3980775
TCGA-BG-A0LX-01A-11R-A16W-07,3.6883364,0.0,0.0,1.687688,0.0,0.44372272,5.6763415,0.0,0.0,0.0,1.8391947,0.39253813,0.0,3.8361514,2.82837,5.17114,0.0,0.0,8.044841,0.0,4.123834,0.0,1.996312,0.97256416,4.0145154,3.7918615,4.132631,0.0,0.0,0.0,2.1011307,0.0
TCGA-BS-A0V7-01A-21R-A118-07,0.0,0.0,0.0,11.998317,1.3664916,0.0,0.0,1.5189009,9.286128,5.1877017,0.7481277,0.0,0.0,14.623194,0.0,0.0,2.0528936,0.0,10.852892,5.508891,3.60367,0.0,0.0,8.833374,6.269382,0.0,0.0,2.2719007,0.0,0.0,9.420086,12.947318
TCGA-B5-A3FA-01A-11R-A19W-07,8.782447,6.074946,7.0460544,2.863407,1.2807034,15.3647785,0.7993057,5.822041,0.0,0.0,3.7297978,3.70649,6.352291,0.029400676,5.468213,6.602052,6.599416,2.3467405,0.0,0.0,1.958022,0.0,0.0,0.0,0.0,3.9610274,1.6405761,0.0,2.2470574,4.4040403,0.0,0.8925485
TCGA-BG-A0VT-01A-11R-A10J-07,0.0,0.0,0.0,0.0,0.0,3.0783966,0.0,2.1215472,0.0,8.165379,0.0,5.0305405,0.0,6.6858726,0.0,0.0,2.830911,0.0,2.6893644,1.1488628,15.344366,3.1192136,0.0,5.0575676,8.291932,6.28837,3.407886,0.0,0.0,0.0,0.0,7.931864
TCGA-AP-A0LG-01A-11R-A16W-07,0.0,0.0,0.0,0.36971802,1.5365903,1.7797309,2.9238908,0.0,0.0,4.452174,2.1015396,3.855856,2.8134792,0.0,12.191527,2.4788644,1.8705178,0.0,0.0,0.0,8.563285,2.5448732,0.0,0.0,0.26504475,11.410341,8.131773,0.0,1.8671851,0.0,0.26122916,7.372206
TCGA-AX-A1C8-01A-11R-A137-07,7.427654,0.12382942,0.0,0.0,5.62499,0.0,0.0,14.937879,4.227969,0.0,3.1488864,0.0,0.0,11.096462,0.0,0.0,0.0,8.461473,0.0,2.2280319,0.0,0.0,1.1925973,0.0,1.9009677,0.0,0.0,13.034119,4.663783,0.0,0.0,0.0
TCGA-AX-A060-01A-11R-A00V-07,0.0,7.3256245,0.0,0.0,6.664132,0.0,11.931854,0.0,0.0,10.595962,10.356497,11.89074,4.602621,0.0,8.569776,0.0,0.0,0.0,4.5380063,0.0,0.5033269,6.15758,0.0,0.0,3.5976346,19.950474,5.7647767,0.0,0.0,5.286233,9.304936,13.664727
TCGA-A5-A2K4-01A-11R-A18M-07,2.899325,1.6284108,0.0,0.0,0.0,4.124584,0.0,0.0,1.8096433,0.0,0.0,0.0,1.6147978,9.959091,0.0,0.0,4.659521,11.650597,0.0,4.0047684,0.0,0.41066492,0.30452374,0.0,0.0,0.0,0.0,12.979963,7.834029,0.0,0.0,0.0
TCGA-D1-A15Z-01A-11R-A118-07,0.0,0.0,0.0,0.0,0.0,0.0,0.0,6.0329647,5.141721,7.777959,0.0,0.0,0.0,1.3976535,6.9670267,1.1165631,9.609802,7.371962,0.0,0.0,12.24004,3.0075326,0.6161605,3.3546953,2.087836,0.0,5.5621123,0.0,0.0,0.0,0.0,0.0
TCGA-BS-A0T9-01A-11R-A12I-07,0.0,0.0,0.0,7.3411975,0.0,0.0,0.0,4.024353,10.19904,3.1717896,9.019226,0.0,0.0,15.60729,6.834865,4.569537,8.422901,0.0,0.0,0.0,11.14584,0.0,2.6357412,0.0,0.0,1.5618142,0.0,0.0,0.0,0.0,0.0,0.0
TCGA-A5-A0GQ-01A-11R-A118-07,0.0,8.345867,5.8276286,0.0,3.7637281,0.0,0.0,0.0,1.4200268,6.108642,0.0,0.0,0.0,0.0,0.0,0.83757716,0.0,0.0,1.9030516,8.667559,0.0,7.7339845,0.0,0.0,0.0,0.0,0.0,0.0,0.0,0.0,4.8565483,7.805376
TCGA-D1-A0ZU-01A-11R-A10J-07,0.0,0.49786797,0.0,0.0,0.0,0.0,4.0079393,0.0,0.0,3.6419857,0.0,1.670206,1.6293714,9.527355,6.434027,3.2986186,0.0,0.0,7.3465047,1.555472,14.702754,5.8613667,3.7977877,0.0,6.8923216,6.477298,5.9116235,0.0,0.0,0.0,2.2291672,0.0
TCGA-AJ-A3BI-01A-11R-A213-07,0.0,0.0,10.9820175,14.473033,4.2716584,0.0,2.9078674,0.0,0.0,0.0,4.9452834,0.0,3.7706516,0.0,0.0,0.0,0.0,0.0,4.1166596,0.0,0.0,0.0,0.0,8.415012,0.0,0.0,7.702205,0.0,0.0,0.0,21.096624,10.460612
TCGA-B5-A11N-01A-11R-A118-07,0.0,0.0,10.25933,0.0,0.0,0.0,2.508197,0.0,6.195666,1.5396783,0.0,7.6652946,0.0,0.379483,0.0,10.2419615,0.0,7.5043216,9.7183,0.0,6.7509537,6.0958557,0.0,6.415814,0.0,11.347422,0.0,0.0,0.5059599,0.0,0.0,15.621583
TCGA-BG-A0YV-01A-11R-A10J-07,2.6994247,5.365957,0.0,0.0,5.159751,0.0,0.0,1.7720461,1.7134978,0.0,2.5145645,0.0,2.990371,2.506273,0.0,0.0,3.9524841,7.058415,0.0,7.591905,0.0,0.0,14.810641,0.0,0.0,0.0,0.0,8.8002205,0.0,1.1157708,0.0,0.0
TCGA-AX-A3G6-01A-11R-A213-07,9.69302,0.0,4.169764,4.35226,2.2411454,8.5408745,0.0,0.26668358,0.0,0.0,0.0,4.0949483,18.775904,0.0,7.9828687,4.352281,9.6269655,0.0,0.0,0.0,0.0,0.0,0.0,4.4161916,0.0,0.0,2.0049965,0.15068364,0.8237562,6.046737,1.3795614,4.7201066
TCGA-EY-A1GV-01A-11R-A13S-07,5.3966126,7.775671,0.0,0.0,0.2033552,9.538289,0.0,2.916169,4.5075617,0.0,7.003373,3.6041713,0.0,7.5168257,0.0,0.0,0.0,1.514714,0.0,0.0,0.0,0.0,0.0,0.0,0.0,5.050543,0.0,15.277185,12.942331,0.0,0.0,0.94907445
TCGA-BS-A0TI-01A-11R-A104-07,6.1076193,0.48417276,4.4500427,0.0,1.6860757,6.1644363,0.41070715,0.0,1.015815,0.046637475,2.3065884,4.0977902,0.0,0.0,0.0,1.8532728,2.504584,0.0,3.4973807,4.2070527,4.4677815,0.0,0.0,1.0229667,0.0,1.4298102,0.0,0.8341633,0.0,0.7981163,4.397739,2.9793544
TCGA-AJ-A2QN-01A-11R-A18M-07,1.3586234,0.0,0.0,0.0,0.0,0.7832673,5.549518,0.0,0.0,0.48931646,1.1180779,6.129925,0.8402371,4.059444,1.6145273,0.74057627,0.0,0.0,6.634334,8.262119,7.022794,4.1304083,10.545188,0.0,5.1159067,1.8093965,2.0408106,0.0,0.0,0.0,3.9344807,0.0
TCGA-AX-A05U-01A-11R-A00V-07,0.0,0.0,0.0,0.0,0.0,0.0,0.0,0.0,0.0,10.625667,0.0,4.9754224,0.0,0.0,2.8536577,0.0,3.3067195,0.0,1.125108,3.730431,8.6419735,5.7740464,11.812066,6.2652164,9.078085,0.0,13.278904,0.0,0.0,0.0,1.3357952,0.0
TCGA-A5-A7WK-01A-11R-A34R-07,4.5118175,0.0,0.0,0.0,3.931394,13.963664,0.0,0.28236264,0.7994405,0.0,0.0,7.9831247,6.1017427,0.0,8.312468,0.0,14.307194,1.9710209,0.0,0.0,0.0,1.8783145,3.9600658,0.6865515,2.400596,0.0,0.0,9.815816,0.0,5.358073,0.0,0.0
TCGA-AX-A06H-01A-11R-A118-07,1.015858,0.0,4.5670004,5.1631327,0.0,0.7432477,3.5661209,0.0,0.0,0.0,0.0,0.0,0.0,4.006089,0.0,5.9537983,0.0,0.6708501,9.634703,0.7132712,2.2798727,1.0851872,0.0,6.103816,0.0,4.2893543,4.7634263,0.0,2.8932235,0.0,0.0,9.03191
TCGA-DI-A2QT-01A-12R-A19W-07,4.3913903,2.5206747,0.66983163,1.466351,10.669498,6.7085123,0.0,5.0884385,0.0,0.0,0.07560837,2.210239,6.569287,0.0,0.0,0.0,2.0215337,1.1446941,0.0,0.2875288,0.0,0.0,0.0,0.0,1.1840827,0.0,0.0,13.004267,8.868001,0.0,0.0,4.2665124
TCGA-PG-A6IB-01A-21R-A31O-07,16.067991,0.0,9.423509,12.462688,0.040327433,0.0,12.35396,9.824994,0.0,0.0,6.512341,0.0,0.0,8.189552,0.0,0.0,0.0,2.1416552,0.0,0.0,0.0,0.0,0.0,15.595501,0.0,0.0,0.0,0.0,14.603246,0.0,0.0,5.4031587
TCGA-PG-A915-01A-11R-A37O-07,6.840548,0.0,0.0,4.558224,4.1458845,0.35562843,0.0,1.6314685,2.5837097,0.0,0.0,0.0,7.500981,0.0,5.904236,0.0,6.81585,4.0864625,0.0,0.0,0.0,0.0,9.3045,0.6862855,2.2231905,0.0,0.0,10.248131,5.09035,9.360489,0.0,0.0
TCGA-D1-A1O5-01A-11R-A14D-07,0.0,0.0,0.0,0.0,0.4929252,0.0,0.0,0.0,8.123032,0.0,0.0,0.0,1.9596505,0.0,0.0,5.522151,0.8214492,0.0,1.6600869,2.1388543,0.28333858,8.711499,0.0,1.0869513,4.51405,0.0,0.0,0.88255334,0.0,0.0,8.364023,3.2127888
TCGA-B5-A11X-01A-11R-A10J-07,16.17858,0.0,7.6489844,8.098491,0.0,0.0,13.467418,13.469632,6.1404223,0.0,0.0,4.4494305,3.0582683,17.35815,0.0,13.094576,0.0,10.871874,4.956027,0.0,20.047434,0.0,0.0,16.455307,0.0,3.205566,2.6684303,0.0,5.849674,0.0,0.0,13.146665
TCGA-EY-A2OP-01A-11R-A19W-07,8.1121,0.0,0.0,4.585126,0.0,10.114499,4.18053,4.653722,0.0,0.0,0.39021084,3.5089164,11.095875,0.0,11.930539,1.468355,4.7648406,2.7278788,0.0,0.0,4.7896676,0.0,1.711631,0.0,0.0,0.89213336,3.9330559,0.0,3.8673937,0.0,0.0,0.0
TCGA-BS-A0TJ-01A-11R-A104-07,4.369,6.758018,0.0,5.070777,0.0,4.366752,7.819552,0.0,0.0,0.0,3.0242722,0.0,2.5685387,5.378347,9.88471,10.61451,0.0,0.0034862608,7.6214805,0.0,1.4120449,0.0,7.9565477,0.0,0.0,4.5072546,8.115545,0.0,1.7012866,3.2069075,0.0,0.0
TCGA-AX-A06L-01A-11R-A118-07,0.3080219,0.05416145,1.3095233,0.0,0.0,0.0,0.0,0.24628046,3.3780031,2.6801953,0.0,0.0,0.0,4.711249,0.0,0.0,0.8694286,0.0,5.4658723,12.170683,5.175425,2.9719286,0.54937303,0.73845965,0.0,0.0,0.0,0.9756576,0.0,0.0,5.538649,2.4059162
TCGA-AP-A053-01A-21R-A00V-07,8.473883,0.25892684,0.0,6.158608,0.0,8.341454,0.0,0.17603979,0.0,0.0,0.0,0.0,10.825263,0.9285766,11.1485405,2.826238,6.640865,1.242479,0.0,0.0,0.0,0.0,8.713117,0.0,1.6433573,0.0,4.073814,0.0,0.0,12.017133,0.13469686,0.0
TCGA-EO-A3KU-01A-11R-A22K-07,7.8391156,2.3535066,0.0,0.0,3.1970825,2.6537118,0.0,6.109159,0.78984034,0.0,0.0,0.0,7.947497,7.1480227,0.0,0.0,6.2576895,8.657239,0.0,5.949066,0.0,0.0,5.615114,0.0,0.0,0.0,0.0,9.023916,1.9862686,3.003281,0.0,0.0
TCGA-KJ-A3U4-01A-11R-A22K-07,8.792496,10.099988,9.480249,0.0,12.083013,0.0,0.0,3.0794778,4.9109936,0.0,0.0,0.0,15.421354,2.69546,0.0,9.537676,1.071301,6.446326,0.0,10.117043,0.0,0.0,0.0,0.0,0.0,0.0,0.0,2.0069337,0.0,10.56417,0.0,1.9128479
TCGA-AJ-A3OL-01A-11R-A22K-07,4.3992414,2.6136181,0.0,0.0,0.0,7.4446926,5.52656,3.5747018,0.0,0.0,0.0,3.7517996,9.466986,3.958723,9.3181095,0.0,0.0,0.0,0.0,5.818405,0.0,0.0,12.370586,0.0,7.0915318,0.0,0.0,4.1928782,0.0,0.0,1.9888958,0.0
TCGA-2E-A9G8-01A-11R-A40A-07,5.798465,6.95678,13.251192,1.6575187,10.811774,0.0,0.0,6.041737,0.0,0.0,0.0,0.0,11.299287,0.0,0.0,0.8837962,1.7460408,0.0,0.0,13.365522,0.0,0.0,5.8001685,0.0,0.0,0.0,0.0,2.318666,0.0,11.48823,3.5627549,0.0
TCGA-EY-A1GL-01A-11R-A13S-07,0.0,4.302868,0.0,12.020719,1.5110427,0.0,0.0,5.518101,6.8950844,0.88448393,0.0,0.0,14.1340275,17.308239,12.59732,10.247501,10.211303,1.027717,0.0,0.0,15.600073,3.9531617,0.0,0.0,0.0,6.7949877,0.0,0.0,0.0,0.0,0.0,9.928654
TCGA-B5-A0K6-01A-11R-A040-07,0.0,0.0,4.19938,0.0,0.05581284,2.5963914,0.0,0.0,1.3970616,11.556249,9.507999,4.3258147,0.0,0.0,0.0,0.0,5.4664493,0.0,2.5011563,2.7688818,6.559792,0.0,0.0,0.0,0.0,3.3135345,0.57632774,0.0,0.0,0.0,5.834644,2.20965
TCGA-BG-A3EW-01A-11R-A22K-07,3.950096,5.0742154,0.0,0.0,2.7098315,16.443148,4.5558023,5.929749,0.0,0.0,0.0,6.8068714,8.563747,0.0,5.527867,0.0,0.0,7.507192,0.0,0.0,0.0,0.15300173,0.74918354,0.0,0.32028002,4.604961,0.88108134,1.8154691,5.49158,0.0,0.0,0.0
TCGA-BS-A0UF-01A-11R-A104-07,4.8766227,0.0,7.08508,0.0,0.0,0.0,0.0,0.0,1.5693872,0.0,0.0,5.2277193,0.0,0.0,0.5236983,11.9285555,0.2218007,3.71351,7.547196,0.0,0.0,4.3167076,8.281903,16.036789,0.0,0.0,9.378054,0.0,0.0,1.4359547,0.0,0.0
TCGA-EC-A24G-01A-11R-A16F-07,0.0,4.8780937,2.8121095,0.0,0.0,0.0,9.032058,0.0,0.0,4.247371,0.0,0.0,0.0,2.7329695,0.0,1.1244713,0.0,2.5448215,11.683874,10.859412,5.3125224,5.291934,1.9006428,0.0,1.2552819,4.118191,8.327901,0.0,0.0,0.0,0.0,0.8625853
TCGA-AP-A0L9-01A-11R-A040-07,6.3777957,7.1046166,4.3524356,0.87702596,0.0,3.4327326,0.0,6.6350007,0.6253553,0.0,2.949823,0.0,8.284646,0.0,0.0,0.0,0.0,0.0,0.0,6.270288,0.0,0.0,14.9414625,0.0,0.0,0.0,0.0,12.43288,5.8872166,11.490151,1.9268508,0.0
TCGA-A5-A0G3-01A-11R-A040-07,9.273956,0.57531977,0.0,0.0,2.150292,0.0,0.0,16.84871,14.548584,0.0,14.920748,2.4913325,0.0,7.6386843,2.6744864,0.0,0.0,0.8699775,1.1754844,0.0,0.0,0.0,16.589436,0.0,0.653686,0.0,0.0,15.624783,0.0,15.312545,0.0,0.0
TCGA-D1-A3JQ-01A-11R-A22K-07,1.2206295,4.2377844,2.7793343,1.4215249,2.791624,0.16329937,0.0,5.4509773,1.73711,0.0,0.0,0.0,4.2042904,4.2172003,0.0,0.0,5.020473,4.241115,2.7216475,14.048393,0.0,1.1630421,10.862603,0.0,0.0,0.0,0.0,8.178897,0.0,7.1480327,0.0,0.0
TCGA-D1-A17C-01A-11R-A12I-07,0.0,0.0,0.0,1.1247435,0.0,0.16091178,0.0,0.48392564,8.188996,6.9825196,7.470535,2.118048,0.0,12.304523,1.295176,0.512234,0.0,0.0,15.522627,0.0,7.701731,0.0,2.5921326,4.935943,0.5075258,5.8708577,1.3571349,0.0,0.0,0.0,0.9658207,0.3752582
TCGA-EY-A1GP-01A-11R-A13S-07,10.382873,0.0,1.5673058,1.0416254,0.0,8.118079,0.0,12.288665,3.165787,0.0,0.0,2.7315986,0.0,14.907216,0.57265264,1.0211515,10.137189,8.925328,0.0,0.9504418,10.298879,0.0,2.2989798,4.3237486,0.0,0.0,0.0,0.0,0.0,0.0,0.0,0.0
TCGA-AX-A062-01A-11R-A00V-07,0.0,0.0,0.0,3.8018837,0.0,1.7553674,0.0,2.795544,1.7875373,1.3729391,0.0,0.0,2.0952542,8.084588,6.906428,0.017093517,3.537685,0.0,0.23470521,0.0,9.421408,2.033522,0.0,1.477433,6.405495,2.3544047,3.1052885,0.0,2.0120192,0.0,1.7011473,4.903945
TCGA-D1-A0ZP-01A-21R-A10J-07,0.0,0.0,0.0,0.0,0.0,0.0,0.0,3.6548133,5.644193,0.0,3.0499182,0.0,0.0,8.912285,5.5227447,0.0,6.214503,15.896025,0.0,0.0,0.0,0.0,12.082582,0.0,0.0,0.0,0.0,5.0958953,1.3510406,1.1922878,0.0,0.0
TCGA-D1-A168-01A-31R-A12I-07,0.0,13.72809,0.0,8.816142,0.0,0.0,0.5335026,6.941052,15.570367,1.9187431,16.73096,0.0,1.9985633,16.104736,21.271809,13.612326,0.0,0.0,5.790215,0.0,0.5265368,0.0,3.379982,0.0,0.0,14.117788,0.0,0.0,1.2084117,8.254659,0.518104,0.0
TCGA-AJ-A5DW-01A-11R-A27V-07,0.0,0.0,0.0,3.0642457,0.0,0.0,0.0,0.0,0.0,0.0,0.0,0.0,5.0873203,0.23048475,4.723884,7.0786,2.8408914,2.7739937,1.5848594,0.0,0.908815,6.5646763,7.286495,9.699225,8.288501,0.0,14.784672,0.0,0.0,0.0,0.0,0.0
TCGA-AP-A1DK-01A-11R-A137-07,8.460197,4.573108,2.496568,2.6181464,0.0,0.18928,7.046091,3.301041,3.245123,0.0,0.9170438,0.0,2.5411005,7.2481346,0.0,5.7959466,0.0,0.0,8.947514,7.80614,3.4345376,0.0,2.9635706,0.0,0.0,0.0,0.2799471,0.60695356,0.0,3.6446414,5.5275736,0.8376274
TCGA-A5-A1OK-01A-11R-A14M-07,0.0,0.1700593,0.117185965,0.0,0.0,8.2033205,8.827558,0.55157924,0.0,6.006801,0.0,12.232623,3.5177038,3.464764,0.14486851,0.0,0.0,0.0,12.903083,15.1975765,9.14319,8.504887,13.711444,0.0,6.174333,4.606655,9.774254,0.0,0.0,0.0,4.5912995,0.0
TCGA-AP-A0LD-01A-11R-A040-07,6.307713,0.0,0.0,7.5820837,0.0,7.0498185,1.4667869,7.570191,1.9846581,0.0,12.039223,0.0,0.0,5.510241,6.920481,0.0,0.0,0.0,0.0,0.0,0.0,0.0,1.3923877,0.0,0.0,1.8595265,0.0,2.2107902,1.8819206,0.0,4.559277,0.0
TCGA-D1-A176-01A-11R-A12I-07,0.0,0.7389677,4.7256083,0.0,0.0,0.0,2.7499678,0.0,0.0,11.772329,7.385658,12.749743,0.0,0.0,0.3538373,0.0,0.0,0.0,0.5083402,1.1365433,2.324673,8.845351,0.0,0.0,0.0,7.259794,2.9732165,0.0,0.0,0.0,5.638423,0.0
TCGA-BS-A0VI-01A-11R-A14D-07,0.0,0.0,0.0,8.251727,0.86356807,6.394388,0.0,1.8865805,2.562986,5.7032323,4.7711616,0.0,0.0,8.676435,4.2822566,0.0,2.2042425,0.0,4.6969175,0.0,9.362356,0.0,0.0,0.0,2.5969982,11.341572,0.0,0.0,0.0,0.0,5.7045593,9.471761
TCGA-B5-A0JT-01A-21R-A118-07,0.0,1.1642444,1.1599876,0.0,0.0,0.0,2.7971144,0.0,0.0,6.3098617,0.0,2.9995608,0.0,0.0,0.0,0.24237964,0.0,5.000903,0.6256699,6.7192087,5.1499314,9.724845,5.71075,0.0,0.8794166,0.0,5.364061,0.0,0.0,0.0,0.0,0.0
TCGA-FI-A3PV-01A-11R-A22K-07,0.0,0.919379,0.0,0.0,1.3315676,2.7095082,0.0,0.0,3.8127449,0.0,0.0,0.0,3.820799,0.0,2.9298701,0.0,4.3181043,0.77788305,0.0,2.4675355,0.0,4.3743157,3.079926,0.0,8.994296,0.0,0.0,16.615488,0.0,0.0,0.8172747,0.0
TCGA-AX-A2HH-01A-11R-A32Y-07,1.5132774,0.8005811,0.0,9.268972,2.6801934,5.6284347,0.0,16.27437,0.0,0.0,0.0,0.0,25.092257,6.2192783,16.853699,2.2486002,8.936774,4.433867,0.0,0.0,11.15755,0.20883358,0.0,0.0,1.0497375,0.0,1.6655778,0.0,0.0,0.0,0.0,2.500208
TCGA-B5-A11I-01A-11R-A10J-07,7.6682115,0.0,8.333415,1.421929,6.1393037,0.0,0.0,0.0,2.623565,0.0,0.0,0.11579107,3.904528,0.0,0.0,3.8019664,6.954984,8.000471,0.0,0.0,0.0,0.0,3.7797055,7.700988,0.0,0.0,3.278904,0.0,0.0,16.7799,0.0,0.0
TCGA-EO-A22T-01A-21R-A18M-07,3.8251886,5.2533035,0.6569149,0.0,0.0,0.0,3.7472641,0.0,0.0,0.0,2.4005532,0.0,0.0,4.6360664,0.0,5.5396047,0.0,9.538619,4.7021484,0.32066417,0.0,0.0,2.8833432,0.0,0.0,3.425923,0.0,0.6225189,9.104541,0.0,0.0,0.0
TCGA-BK-A13C-01A-11R-A118-07,0.0,2.6113656,0.0,0.0,0.0,1.0170051,17.27409,0.44774503,0.0,6.4591765,7.137665,14.5885725,5.5374646,0.0,0.112527624,0.0,0.0,0.0,11.447502,16.912867,3.3972666,3.7737114,17.734726,0.0,9.949588,1.4231849,8.239346,0.0,0.0,0.73029387,12.012713,0.0
TCGA-B5-A0K1-01A-11R-A16W-07,0.0,8.433982,0.0,0.0,1.2467946,0.0,0.780465,0.73933595,0.0,8.641107,0.0,0.0,1.3779185,0.0,0.2611717,0.0,0.0,0.0,0.0,6.082052,0.0,7.9423695,4.274127,0.0,5.582467,0.0,1.045053,1.6624181,0.0,0.0,4.848575,0.0
TCGA-D1-A165-01A-11R-A12I-07,0.0,0.0,0.0,0.0,0.0,0.0,2.6173637,0.0,0.0,8.320876,0.0,1.3700991,0.0,0.0,0.87649906,0.0,0.0,0.0,5.6913075,6.6961184,6.684317,5.7815275,7.321002,0.0,7.5902534,0.35020015,7.8533034,0.0,0.0,0.0,2.9926777,0.0
TCGA-B5-A0JZ-01A-11R-A040-07,2.9414012,0.0,6.1689057,0.24296568,0.0,0.0,10.250944,0.0,0.0,0.0,2.1559668,2.5598488,0.0,0.0,0.0,1.2187576,0.0,0.79554546,8.110439,1.8138229,0.520702,0.0,0.0,4.645257,0.0,5.704762,1.6844219,0.0,4.735796,0.0,0.0,8.384263
TCGA-D1-A16N-01A-11R-A12I-07,4.9296947,0.0,0.0,0.0,0.0,0.37460434,0.7156541,0.0,2.9124897,0.0,6.9915004,7.8616414,0.8475164,0.0,11.997673,9.314181,0.8265904,0.0,5.264541,0.0,2.291972,2.1581464,11.612664,6.106852,0.47833234,1.1517513,7.785815,0.0,0.0,8.403348,6.245724,0.0
TCGA-D1-A2G7-01A-21R-A180-07,0.0,0.0,0.0,0.0,0.0,0.0,0.0,0.0,9.281191,0.0,0.0,0.0,1.3791825,5.1262207,4.0479317,0.0,6.579909,3.9420807,1.389524,2.3907406,0.0,4.518599,9.522474,0.4624086,8.866132,0.0,0.0,13.48717,0.0,5.855683,0.0,0.0
TCGA-AX-A0J0-01A-11R-A109-07,5.8113275,0.0,0.0,2.9568539,0.0,0.0,9.883724,2.0921884,0.0,0.0,0.0,0.0,4.189323,0.0,4.654131,6.9662795,0.0,8.078893,0.0,0.0,7.224914,0.35563812,5.6501007,4.7094064,3.7959383,0.0,10.0107355,0.0,0.0,6.407559,0.0,0.0
TCGA-D1-A162-01A-11R-A118-07,0.0,0.0,0.0,0.0,0.0,1.1836945,2.4673183,0.0,0.0,0.0,0.0,9.250689,2.7672691,0.0,0.0,0.0,0.0,0.5986156,6.761253,9.3612,1.4648814,10.2329855,5.6524153,0.0,5.361949,0.81610656,1.0154976,1.0870175,0.0,0.0,2.4255586,0.0
TCGA-B5-A11G-01A-13R-A118-07,0.0,0.0,7.0068574,0.0,1.6069111,0.0,6.162758,0.0,0.49351624,1.6151984,7.238631,0.11090712,0.0,0.0,0.0,0.0,0.0,0.0,4.5757504,6.5846148,0.0,0.0,0.0,5.234178,0.11014454,0.0,0.0,0.54258883,1.7090739,0.0,13.582904,5.6783977
TCGA-KP-A3W1-01A-11R-A22K-07,2.9717789,0.0,6.2914515,4.7288804,1.043165,2.4219806,0.0,0.08585751,0.0,0.0,0.0,0.0,0.0,5.11378,0.0,0.0,0.0,2.8828995,0.0,0.0,0.0,0.0,0.0,6.1838183,0.0,0.7044147,0.0,4.498161,18.409664,0.0,0.0,12.337209
TCGA-DI-A2QY-01A-12R-A19W-07,0.0,0.0,0.0,8.260735,0.0,1.4445435,0.0,2.640477,5.8901362,0.0,0.0,0.0,0.9905441,5.8374157,2.0678837,0.0,9.600959,0.0,0.0,7.2464013,0.0,0.0,7.120495,0.2640013,9.446185,0.0,0.0,14.7003355,0.0,0.22862773,5.819456,0.0
TCGA-BG-A0MK-01A-51R-A19W-07,0.0,11.538378,4.2966795,0.0,0.0,0.0,7.447935,1.6883814,0.0,10.494648,3.0238814,1.3099191,0.0,2.7487319,0.0,0.0,0.0,0.0,7.8302054,21.400715,4.6732774,6.1982565,2.6852095,0.0,0.0,2.9367762,4.243638,0.0,0.0,0.0,3.3432522,0.9714326
TCGA-DI-A0WH-01A-12R-A12I-07,5.8610883,0.0,0.0,4.6997714,0.0,0.0,0.0,1.352345,2.0511994,0.0,5.532026,0.0,0.0,5.596676,9.087273,0.0,0.0,0.0,0.0,0.0,0.50847924,0.0,3.45694,0.8742256,7.200127,0.0,0.0,0.9495832,0.5387309,0.0,4.811273,0.0
TCGA-EY-A548-01A-11R-A27V-07,0.0,0.0,5.4418483,0.0,0.0,0.80483544,1.662905,0.0,0.0,6.189565,0.0,7.7362595,0.0,0.0,0.0,0.0,5.7568502,0.0,0.0,0.3772558,0.83456385,0.0,0.08297214,13.411711,6.832687,0.0,11.846336,0.0,0.0,0.0,7.4897647,5.6028495
TCGA-A5-A0R8-01A-11R-A104-07,0.0,13.664129,9.376537,3.3594227,6.1376595,0.0,0.34017166,0.44305056,4.820121,2.9494624,2.1497324,0.0,0.0,2.0398242,0.0,4.578983,0.0,0.0,6.6142397,14.293419,0.0,0.124832354,0.0,0.0,0.0,0.0,0.0,0.0,0.0,0.0,5.279522,4.5534425
TCGA-DF-A2KN-01A-11R-A180-07,0.0,5.156293,7.9071784,2.1430402,0.0,1.3112,1.915898,0.0,0.0,0.0,0.0,0.0,0.0,0.0,0.0,3.0238059,0.0,5.744704,5.8121505,3.607701,0.0,0.0,0.0,0.0,0.0,0.3484061,4.1362057,0.0,5.695396,0.0,0.0,0.0
TCGA-BK-A0CA-01A-21R-A277-07,0.0,4.817826,0.0,0.0,0.35820436,0.0,0.0,0.0,0.0,0.0,0.0,0.0,7.2477045,1.0258439,0.0,0.0,0.0,16.08736,0.0,15.932222,0.0,15.7566805,1.2499343,0.0,2.6984277,0.0,0.0,0.0,0.0,0.0,0.0,0.0
TCGA-BK-A0CA-01A-21R-A118-07,0.0,9.09668,1.9394648,0.0,3.050684,0.0,1.972882,0.0,0.0,7.3302865,0.0,0.0,0.0,0.0,0.0,0.0,0.0,5.5762043,1.0023081,14.269612,0.0,10.8895235,0.95907795,0.0,0.0,0.0,0.0,0.0,0.0,0.0,0.0,0.0
TCGA-EY-A1H0-01A-11R-A13S-07,0.0,11.099154,2.9404457,0.0,2.392508,0.0,9.060818,1.1925595,0.0,9.935484,5.200768,0.0,1.1848385,0.0,0.0,0.0,0.0,0.0,0.0,9.397135,4.1726775,1.2843993,3.2941554,0.0,0.0,0.0,6.976057,0.0,0.0,0.0,5.716432,0.0
TCGA-BG-A0M2-01A-11R-A104-07,0.0,0.2805462,0.9197874,0.0,0.0,0.0,6.4350066,0.0,0.0,2.980708,0.0,5.558655,1.5088025,0.0,0.0,2.52113,0.0,0.0,3.232895,7.2410645,6.3831024,7.670351,0.0,0.0,2.2093859,1.9499679,1.8481485,0.0,0.0,0.0,5.2354383,2.1998942
TCGA-BG-A220-01A-11R-A157-07,2.5486283,4.783721,0.0,2.0323396,0.0,9.21334,1.3130774,0.7588238,0.0,0.0,0.0,0.0,8.309306,0.0,14.712167,0.27189395,0.68957394,0.0,0.0,0.0,0.0,0.0,6.0852423,0.0,2.5096447,0.76386213,3.4786859,0.0,4.4271364,3.2311652,0.0,0.0
TCGA-EY-A1GQ-01A-21R-A13S-07,0.067961976,0.0,0.0,3.2811804,0.0,7.0047965,6.2205744,0.7372041,0.0,0.04796344,0.34223577,4.374872,0.0,8.098866,3.488659,0.0,0.0,0.0,13.5139,0.0,2.7642846,0.0,0.0,4.714537,13.643455,10.967236,0.0,1.8644323,3.298313,1.3596929,5.0391207,10.540468
TCGA-EY-A1GD-01A-11R-A13S-07,0.0,0.0,0.0,0.49870604,0.0,0.0,0.0,0.0,0.909493,5.828871,0.0,3.6244876,7.43679,0.0,8.775923,11.403809,7.9513535,0.22463627,0.0,0.0,19.820478,10.679483,0.0,5.5863543,0.70758456,1.1746039,16.415148,0.0,0.0,0.0,1.1381934,5.297962
TCGA-D1-A1NS-01A-11R-A14D-07,0.0,11.23652,1.9683278,0.0,3.5550334,0.0,0.9388392,0.0,0.21937719,8.955865,0.0,0.0,0.6978501,0.0,0.0,1.7300038,0.0,0.0,0.8564889,4.108672,0.9541188,8.183133,0.0,0.0,0.0,2.566645,3.125608,0.0,0.0,0.0,4.773741,5.2914066
TCGA-D1-A17T-01A-11R-A12I-07,0.0,3.3655732,3.5493739,0.0,2.2814798,0.0,0.0,0.4371128,2.3755639,10.114027,2.7985983,0.0,0.0,0.0,0.0,1.0387447,4.909127,0.0,0.0,5.8934145,6.290005,3.7968647,0.0,0.0,0.0,0.0,0.0,0.0,0.0,0.0,3.6462376,0.0
TCGA-AP-A056-01A-11R-A00V-07,1.7533745,3.882014,3.720205,9.226872,0.0,4.248803,3.9063742,0.0,0.96915996,0.0,3.6674814,0.0,0.0,6.569732,6.6274204,8.818777,0.5153599,5.4149384,7.181564,0.0,0.0,0.0,5.043741,0.0,0.0,2.8147473,9.613677,0.0,6.2457542,9.354817,0.0,0.0
TCGA-AP-A1E0-01A-11R-A137-07,0.0,0.0,0.0,4.8619614,0.0,0.9776617,6.3749304,0.83292526,0.0,1.657959,0.0,0.0,0.0,4.6210766,4.6861024,4.244902,0.0,3.995434,4.284992,0.0,12.057373,2.6619818,1.7309467,4.5912414,4.7283616,1.7718645,14.6007595,0.0,0.0,0.0,0.0,0.7513412
TCGA-A5-A0GE-01A-11R-A16W-07,0.0,0.9522435,0.0,1.8114334,0.0,0.0,4.913483,0.18002504,0.0,4.477129,0.62613225,0.0,0.0,2.9699106,0.0,0.0,0.0,0.0,8.709826,10.020037,2.4652088,0.6474176,2.6305585,0.0,5.794261,0.0,4.825269,0.0,0.0,0.0,4.471187,0.929725
TCGA-BK-A26L-01A-11R-A16F-07,1.6397356,0.15836999,0.0,5.3010883,0.0,0.0,0.0,3.0129497,9.102084,0.0,0.8465103,0.0,0.0,15.933715,8.830895,0.4751773,9.360313,10.955748,2.9431062,0.0,0.0,0.0,12.272113,0.0,0.94087714,0.0,0.0,2.2582107,0.0,11.798354,0.0,0.0
TCGA-D1-A16E-01A-22R-A12I-07,0.0,12.49854,3.583306,0.0,2.54944,0.0,0.0,0.0,3.190475,6.569563,0.94002783,0.0,0.0,0.0,0.0,1.5843241,0.0,3.3101914,3.8507273,8.536918,0.0,8.788344,1.1545575,0.0,0.0,0.8953718,0.0,0.031859547,0.0,0.22150671,0.0,0.0
TCGA-EY-A1GI-01A-11R-A13S-07,0.0,0.0,3.1010096,0.0,0.0,3.3463883,5.119542,0.0,0.0,2.0187297,0.0,4.254843,0.25146425,0.0,0.0,0.0,0.0,8.540562,0.9732573,5.508877,7.8622475,5.9858284,1.0832608,6.775675,4.3797193,0.0,13.654497,0.0,0.0,0.0,0.0,2.65747
TCGA-AP-A1DO-01A-11R-A137-07,0.0,0.0,0.0,2.0152552,9.611267,1.6297225,5.2946687,0.49387938,0.0,1.2701335,9.620977,8.083039,4.4642444,0.0,8.29912,0.0,0.0,0.0,0.0,0.0,4.6109366,0.0,0.0,0.0,0.0,12.963566,0.0,0.0,1.9089183,0.0,7.017593,8.871616
TCGA-SL-A6J9-01A-11R-A31O-07,13.906813,0.0,15.080304,6.8317027,12.531791,1.2454222,0.0,0.93648386,4.0221443,0.0,3.0688846,3.8056169,7.8265753,0.0,0.0,4.0185146,5.656158,0.0,0.0,0.0,0.0,0.0,0.0,7.47282,0.0,0.0,0.0,0.0,0.0,10.703519,2.2197576,6.534906
TCGA-BK-A6W4-01A-12R-A34R-07,0.0,2.8713794,0.0,0.0,0.0,2.0585902,0.0,0.0,0.0,0.0,0.0,0.74495703,1.9184028,13.691171,0.5620448,0.0,0.0,3.794863,10.406276,8.272596,2.0870545,5.2929435,5.3282623,0.0,8.394606,3.7433465,0.13590729,2.1137538,0.0,0.0,0.0,0.0
TCGA-B5-A1N2-01A-21R-A144-07,7.249071,0.0,0.45073652,1.2891694,3.6626434,0.0,0.0,2.0843472,7.6122704,0.0,0.0,0.0,0.0,5.8301563,0.0,0.8674532,1.4789903,5.0900836,5.890346,2.9939005,0.0,0.0,7.304612,1.3096386,0.0,0.0,0.0,7.2060084,0.0,11.888627,0.0,0.0
TCGA-A5-A0GJ-01A-11R-A040-07,0.0,0.0,0.8785047,4.711018,0.0,0.0,0.0,0.0,6.2528744,3.927993,6.6223936,0.0,0.0,0.0,2.8999577,0.5525746,0.0,0.0,11.215042,0.0,3.1413739,0.0,0.0,7.9789786,1.3207859,3.742759,1.736261,0.0,0.0,2.6063297,16.737408,7.9450803
TCGA-AP-A1DV-01A-21R-A137-07,0.0,3.408295,0.805598,0.0,6.4557877,0.0,8.707115,0.5490207,1.6506046,2.5243883,1.8564442,0.0,0.0,0.0,0.0,5.7210445,0.0,0.5513255,0.7332712,0.0,3.348131,1.2923822,0.0,0.0,0.0,2.919813,2.9142632,0.0,0.0,1.871195,0.8949248,0.0
TCGA-AJ-A5DV-01A-11R-A27V-07,0.0,7.856419,9.616407,0.0,3.9314651,0.0,3.183174,0.0,0.0,5.4406815,0.0,0.24548331,2.644391,0.0,0.0,0.96993876,0.0,0.9841835,0.0,9.686104,2.0166256,8.412649,0.0,0.0,0.0,0.0,7.3958063,0.0,0.0,0.0,0.0,5.115496
TCGA-A5-A1OF-01A-11R-A14D-07,0.0,6.2763205,16.688553,0.0,5.3213153,0.0,5.199119,0.0,0.0,1.1544907,5.123572,3.3282394,0.0,0.0,0.0,0.0,0.0,0.0,0.22056866,2.5716116,0.0,0.0,0.0,0.0,0.0,0.0,1.7558852,0.0,7.3127227,1.3858287,0.0,2.9500263
TCGA-SL-A6JA-01A-11R-A31O-07,0.0,0.26255777,0.0,9.036598,11.514435,4.10672,10.03208,0.0,0.0,0.0,4.6807113,6.850624,12.375974,0.0,5.66767,0.44930542,0.0,0.0,0.0,0.0,8.708265,0.0,0.0,0.0,0.0,14.92388,0.0,0.0,0.0,0.0,4.758492,11.480262
TCGA-A5-A0GB-01A-11R-A040-07,0.0,3.1372228,0.0,6.875012,0.0,0.4043193,15.508424,0.0,0.0,0.0,2.1777658,2.0618901,8.644072,0.0,15.243983,4.1737137,0.0,0.0,7.487248,0.0,0.0,0.38026172,0.0,4.0541716,7.0655456,7.8712864,15.696382,0.0,6.0808992,8.350364,6.4846706,6.0844936
TCGA-EY-A547-01A-11R-A27V-07,10.170442,0.0,0.0,12.481933,0.0,0.0,3.4758167,4.413422,0.0,0.0,15.438646,4.103978,5.187899,0.0,7.555913,0.0,0.0,0.0,0.0,0.0,0.0,0.0,13.158914,6.2230015,5.673428,0.0,0.0,8.767598,0.0,0.0,19.160189,0.0
TCGA-EO-A3B0-01A-12R-A19W-07,8.2513275,0.0,7.016393,8.393117,0.0,6.0096045,14.761773,0.0,0.0,0.0,0.8931469,0.52486557,0.0,0.0,0.0,5.5381465,0.0,4.6456456,4.107837,0.0,6.020683,0.0,1.4754877,6.687136,0.0,2.3098168,11.71132,0.0,0.0,0.0,0.0,0.0
TCGA-AJ-A23M-01A-11R-A157-07,6.767347,0.881518,0.0,0.0,1.5063688,0.0,0.0,7.736629,12.559587,0.0,1.5544798,0.0,1.6380779,8.050784,4.1632667,1.4470643,4.0127654,6.909992,2.824612,0.0,0.0,0.0,11.283423,0.0,0.0,0.0,0.0,9.753144,0.0,15.945312,0.0,0.0
TCGA-D1-A0ZZ-01A-11R-A10J-07,0.0,0.0,0.0,0.0,7.216256,0.0,0.0,4.8425593,11.8653345,2.1998022,1.7284544,0.0,0.0,1.5908831,5.1590495,0.0,0.0,8.697437,0.0,0.0,0.0,1.9881845,1.2539092,0.0,7.0357533,0.0,0.0,12.768243,0.0,1.8010314,0.0,0.0
TCGA-B5-A5OE-01A-11R-A31O-07,11.715248,8.483556,0.0,3.3482642,4.2498546,2.698483,0.0,6.9612436,0.0,0.0,8.600305,0.03486885,9.611722,3.185487,1.616734,0.0,0.0,1.8400425,0.0,0.0,0.0,0.0,2.884838,0.0,0.0,0.0,0.0,15.947542,15.137029,0.0,0.0,0.0
TCGA-D1-A1NW-01A-11R-A14M-07,4.8685713,0.0,2.4540153,0.0,7.100778,0.0,0.0,0.32383156,8.973519,0.42634338,4.918794,0.76926315,0.0,2.0740428,0.0,0.06963519,2.8881795,0.3754213,0.8403577,3.8346696,0.0,0.0,0.0,0.0,0.0,0.0,0.0,7.0348644,0.0,1.0083503,1.4963742,0.9581032
TCGA-AJ-A3NC-01A-11R-A22K-07,0.0,0.0,0.0,0.0,3.523903,2.752173,0.0,3.239941,0.0,6.1277776,0.0,4.319418,2.802399,1.4027178,0.0,0.0,6.6605525,3.7113702,0.0,7.598999,9.824558,9.448497,0.0,0.0,3.7288291,0.0,0.0,0.0,0.0,0.0,0.0,4.5900693
TCGA-AP-A054-01A-11R-A16W-07,17.011585,0.0,0.0,0.0,0.0,0.0,12.702253,9.726388,0.0,0.0,11.148694,9.498427,2.8599167,13.518997,11.225464,0.0,0.0,4.073851,0.0,0.0,0.0,0.0,17.806358,0.0,10.460459,0.0,0.0,1.6231723,0.0,0.0,0.0,0.0
TCGA-AX-A0IW-01A-11R-A040-07,8.885008,1.5615402,0.0,6.956941,1.3060995,0.0,0.0,11.723297,11.55344,0.0,7.559211,0.0,0.89375675,7.098194,5.221215,4.2414064,4.696105,1.4184539,0.0,0.0,0.0,0.0,9.3681,0.0,0.0,0.0,0.0,7.23058,0.0,11.548129,0.0,0.0
TCGA-AJ-A3I9-01A-11R-A22K-07,2.7308874,0.0,0.42918706,0.28458256,0.25503403,0.0,12.911571,0.0,0.0,0.0,0.038655788,5.946898,8.396176,0.0,0.0,0.0,0.0,0.0,0.75984365,6.2979903,0.0,0.0,2.8248591,2.78058,8.632055,0.0,4.2427287,0.0,0.0,0.0,11.5963125,1.6422391
TCGA-BS-A0WQ-01A-21R-A109-07,0.0,0.0,0.0,0.0,3.3077366,0.0,0.0,1.6662118,5.1299005,8.40676,0.0,0.0,0.0,0.0,3.921071,0.0,9.1208515,0.0,0.0,0.0,8.727931,1.8143277,0.0,2.429271,6.9241633,0.0,0.0,0.30422232,0.0,0.0,3.6541007,1.0864289
TCGA-EY-A1GT-01A-11R-A13S-07,0.0,7.034211,0.0,0.0,2.2498927,8.0875845,0.0,10.616395,2.6055133,5.782535,0.0,0.0,0.28018558,7.1075106,6.6711736,0.0,0.38022113,6.5649605,0.0,0.0,0.0,1.7654934,0.0,0.0,1.4881272,7.4259195,0.0,4.243841,2.0603137,0.0,0.0,0.0
TCGA-AP-A0LI-01A-11R-A040-07,5.2239714,0.20385769,7.0816274,0.8608883,0.10823774,0.0,0.0,0.47290218,7.7163963,0.0,6.2038465,0.0,0.0,1.0236079,0.0,2.8497813,0.0,0.0,4.129245,0.0,0.0,0.0,0.0,4.928382,0.0,0.0,0.0,7.9958286,14.048737,2.7599866,0.0,5.6866527
TCGA-BG-A0VZ-01A-11R-A109-07,0.8507589,1.264971,1.5450032,0.0,0.0,0.0,0.22481745,0.0,1.5850589,0.0,0.0,0.28900093,0.5688865,0.6251929,0.0,6.4763436,0.0,0.0,6.675614,3.0978973,0.73700875,6.747786,2.7316904,1.4729487,0.6749257,0.0,4.518535,0.0,0.0,1.2227689,3.3267665,0.107767425
TCGA-B5-A1MU-01A-11R-A13S-07,8.67618,0.0,4.487862,4.7366605,0.0,9.231438,0.0,1.1974947,0.8856848,0.0,0.0,0.0,0.0,9.147121,3.2755268,4.674451,6.356379,9.511594,6.6256166,0.0,0.0,0.0,8.938037,7.6767526,0.0,0.0,5.202918,0.0,3.387359,9.165748,0.0,0.0
TCGA-D1-A15V-01A-11R-A118-07,1.1570736,1.6039112,0.0,1.6153089,0.0,0.1477959,0.0,0.0,2.4222631,0.0,0.0,0.0,2.479674,0.0,6.610149,2.0752108,2.1420767,7.4124894,0.0,0.0,0.0,0.0,3.9946218,0.0,0.23332627,0.0,0.060798883,4.0466576,11.900807,6.7352977,0.0,0.0
TCGA-AX-A1CI-01A-11R-A137-07,0.0,0.0,0.0,0.0,5.847311,0.0,0.33614692,0.9163056,2.2278051,7.3135304,0.0,7.9708366,0.0,0.0,2.1527874,0.0,2.524676,0.0,0.0,0.0,11.636832,2.5429988,0.0,5.199911,7.659298,6.348017,0.0,0.14718148,0.0,0.0,7.8592877,15.164731
TCGA-B5-A11M-01A-11R-A118-07,0.0,0.0,0.0,0.0,0.0,0.0,0.0,0.63096434,0.0,9.2001505,0.0,0.10940425,0.0,9.815469,0.0,0.0,0.0,0.0,13.78249,13.8254795,2.6812453,6.295472,9.582521,0.031144634,13.127008,0.0,4.464886,0.0,0.0,0.0,1.9816321,0.0
TCGA-EC-A1QX-01A-31R-A16F-07,1.3509027,3.7471523,2.0307014,0.5059117,0.4721316,5.21267,0.0,0.0,0.03944435,0.0,1.0455,0.0,0.0,3.3714294,0.0,4.440208,0.0,3.4962554,2.6760805,0.0,0.0,0.0,0.0,0.0,0.0,6.6369076,0.0,0.0,8.542695,0.0,0.0,4.4439654
TCGA-BG-A18A-01A-21R-A12I-07,0.0,5.389462,0.0,0.0,0.0,0.0,0.20732829,1.1397886,3.7574558,10.941707,7.4517484,0.0,0.0,4.5894823,0.0,0.0,0.0,0.0,12.498693,7.0038824,0.92088854,3.8615294,9.388646,0.0,0.72766685,1.0207331,4.892425,0.0,0.0,0.82938504,3.0073133,0.0
TCGA-BG-A0MA-01A-11R-A17B-07,0.0,0.0,0.0,0.0,0.0,0.0,1.6766922,0.0,0.0,5.5468802,0.22670859,0.0,0.0,2.7272506,0.0,0.0,0.0,0.0,3.9432967,4.7510343,8.110447,0.7955464,3.166184,2.7600312,5.9074683,0.0,4.3193235,0.0,0.0,0.0,2.3845303,0.0
TCGA-EY-A1GW-01A-22R-A13S-07,0.0,6.9261656,3.1013484,0.0,1.9008073,0.0,7.6539226,0.0,10.195995,0.0,3.0249598,8.547707,12.269029,0.0,1.3099334,8.238022,0.0,0.0,10.359716,0.0,1.3505584,5.946662,0.0,5.5570917,0.0,7.2487497,0.0,0.0,0.0,9.726249,20.665314,14.626206
TCGA-PG-A914-01A-11R-A37O-07,8.534736,2.5489898,3.2681484,3.5798783,3.471954,0.9181496,0.0,0.43953297,4.8413095,0.0,0.0,0.0,6.642135,0.0,0.0,2.47377,2.9648707,1.8556149,0.3484742,0.31015116,0.0,0.0,5.876374,1.7753319,0.0,0.0,0.0,8.710105,5.8844,13.874356,0.0,0.0
TCGA-BS-A0UJ-01A-12R-A104-07,0.0,0.0,5.0913343,1.7104826,5.788417,0.0,0.0,0.0,4.701146,11.944934,5.5811048,0.0,0.0,0.0,0.0,0.0,7.093287,0.0,0.0,0.0,4.516778,0.0,0.0,4.086947,0.0,0.6473236,0.0,0.0,0.0,0.0,11.888839,12.585866
TCGA-BS-A0U8-01A-11R-A104-07,0.0,0.0,0.0,3.4334903,0.0,2.211204,5.4789586,0.52214265,0.0,4.326877,0.27816805,0.0,0.0,3.6621368,0.5486891,0.0,0.0,0.0,5.825591,0.34360802,7.5116544,0.0,0.0,2.2397518,5.7175736,7.1536875,4.054686,0.0,2.9783778,0.0,1.5675195,8.011542
TCGA-B5-A1MY-01A-11R-A144-07,5.7414527,3.7559857,0.0,0.0,1.1732354,0.0,0.0,10.658628,6.7611427,0.0,4.798983,1.3834486,0.192935,14.76042,0.0,0.0,2.562362,10.160841,0.0,9.010628,0.0,0.0,13.773045,0.0,0.0,0.0,0.0,12.80773,0.0,0.0,0.0,0.0
TCGA-AJ-A23N-01A-11R-A22K-07,3.3004088,0.0,0.0,6.6220527,0.0,7.610205,0.0,0.0,1.7852378,0.0,0.0,0.0,1.1908599,10.36759,6.0454354,0.0,11.042805,11.264751,0.94297487,0.0,0.0,0.0,8.589973,3.8779485,0.7535849,0.0,2.981588,1.2946696,2.1218307,10.128495,0.0,0.0
TCGA-AP-A0LV-01A-11R-A040-07,0.0,0.0,0.0,3.5735373,0.0,0.0,0.0,0.44794554,0.8422049,7.244515,0.55667895,0.0,0.0,5.705811,0.36753076,1.5260552,3.8066003,0.0,3.892534,4.7228885,12.053786,0.39670625,7.915024,3.0489235,2.3383172,0.0,9.155657,0.0,0.0,0.0,2.9407597,0.0
TCGA-EO-A1Y5-01A-11R-A157-07,10.291301,0.64428675,7.960669,5.569139,9.598472,0.0,0.0,1.1540024,10.635486,0.0,6.9982667,0.0,0.0,4.8015637,0.0,5.9479947,4.248604,4.8611174,3.1630652,0.0,0.0,0.0,3.0557332,1.9597834,0.0,0.0,0.0,1.5328498,0.0,17.106743,0.0,0.0
TCGA-BS-A0U9-01B-21R-A10J-07,10.3657,7.9578185,0.0,3.1247177,0.0,0.0,0.0,0.0,7.1214433,0.0,9.235232,0.14188729,9.994614,2.9474676,10.938489,10.689491,2.8293269,0.0,0.0,0.0,0.0,0.0,10.274133,0.0,0.0,0.0,0.0,10.594507,0.40728995,0.20141107,5.910807,0.0
TCGA-FI-A2F8-01A-12R-A17B-07,4.355307,3.9674673,0.0,0.27872145,0.0,5.3112507,0.0,0.0,6.1024694,0.0,0.0,0.0,1.9458547,4.247303,3.292071,3.3107274,4.12141,0.45915818,5.023516,0.84492594,0.07690895,3.044549,4.2277026,0.0,0.0,0.0,0.0,5.7519474,1.1120946,7.230392,2.4955044,0.0
TCGA-BG-A0VV-01A-21R-A118-07,0.0,3.39887,4.4387565,0.0,0.0,0.0,1.4146545,0.0,0.0,9.213978,0.7571659,0.0,0.0,0.0,0.0,0.0,0.0,0.0,5.2051325,12.2064705,0.0,6.94231,1.4589561,0.0,2.5865366,0.0,3.6226945,0.0,0.0,0.0,3.6295884,1.3322991
TCGA-BG-A18B-01A-11R-A12I-07,0.0,2.8627367,5.800078,0.0,0.01521701,0.0,13.085392,0.0,0.0,8.060588,1.0408756,0.0019731969,0.0,0.0,0.0,0.0,0.0,0.0,7.049883,3.8402452,0.027078874,6.1057134,0.0,0.49286008,5.896554,2.0029066,13.8736515,0.0,1.4242946,0.0,5.6881514,9.862794
TCGA-AX-A064-01A-11R-A00V-07,0.0,1.7039332,0.0,0.0,3.3976338,3.3893685,0.0,0.0,0.8312003,2.6765842,0.0,0.0,0.0,1.6633284,1.970688,0.0,0.0,0.0,1.8570855,0.0,0.09008128,4.6274714,0.0,0.0,7.4939947,7.592866,0.0,2.637149,1.3726573,0.0,2.5395136,10.399915
TCGA-DI-A1C3-01A-41R-A137-07,0.0,0.0,0.0,3.9058385,0.0,0.0,0.0,0.0,2.8075829,4.7855945,0.0,0.0,0.0,11.622318,0.0,0.0,6.2561913,0.0,5.27998,10.736355,7.9971066,0.0,0.0,10.415058,7.8083262,0.0,0.53004014,0.0,0.0,0.0,4.0009427,5.4982705
TCGA-AJ-A3BF-01A-11R-A213-07,9.29844,4.8994446,0.0,6.654943,5.923546,0.0,0.0,10.496622,6.5575747,0.0,1.9605482,0.0,8.517913,8.788149,3.615471,6.0340056,5.0043106,4.855236,0.0,0.0,0.0,0.0,4.953025,0.0,0.0,0.0,0.0,4.902418,0.0,7.514701,0.0,0.0
TCGA-AX-A1C7-01A-11R-A137-07,1.7581178,1.6552029,1.1021272,18.53612,15.2581835,0.0,0.0,13.035054,10.16948,0.0,6.6137724,0.0,3.2638588,0.0,1.5110136,0.0,5.7868505,0.0,0.0,0.0,0.0,0.0,7.4420633,0.0,0.0,0.0,0.0,9.3896675,0.0,15.042953,10.113151,0.0
TCGA-B5-A11W-01A-12R-A118-07,0.0,7.0125265,1.128657,0.0,0.0,0.0,7.111405,1.4510171,0.0,5.9218574,0.0,0.0,0.0,1.6358769,0.0,0.0,0.0,0.0,7.4771395,12.842615,0.7725959,5.305947,0.0,0.0,3.934762,0.40166438,3.2348833,0.0,0.36463192,0.0,2.769514,3.096355
TCGA-BK-A139-01A-11R-A118-07,4.8875337,8.288687,5.687477,0.0,0.8300322,5.436433,6.504249,0.0,0.0,0.0,0.0,5.5788803,11.877137,0.0,0.0,4.3808336,0.0,0.0,3.7122686,0.0,0.0,0.63264585,0.0,0.0,0.0,0.22119063,0.2862029,1.2596563,9.5628,12.031821,0.33933884,2.1222115
TCGA-BG-A0MH-01A-11R-A118-07,8.726451,9.972877,6.896756,0.0,0.40074313,3.99823,4.5955462,0.0,4.603912,0.0,4.9127345,2.805788,2.517527,5.713199,0.0,12.687922,0.0,2.6723988,7.6907477,5.262971,2.1067486,0.042038254,1.5165976,0.0,0.0,6.478217,0.0,0.0,0.08376615,1.8427808,0.0,0.9661526
TCGA-BG-A2AD-01A-21R-A16F-07,2.9121795,6.5199127,0.0,6.0304365,0.0,7.081438,5.2336507,5.4368153,0.0,0.0,2.3932216,0.0,3.9984121,3.4297788,16.956875,0.97256905,0.0,2.933985,2.7258682,0.0,0.0,0.0,8.71964,0.0,5.685382,1.8147044,5.6306705,0.0,7.106886,9.536148,0.0,0.0
TCGA-BK-A139-01A-11R-A277-07,6.112649,0.03169193,0.0,0.0,0.0,4.7227974,0.0,0.0,0.0,0.0,0.0,2.7367916,25.603289,5.5386615,0.0,4.530827,0.0,17.379103,0.0,4.7118473,0.0,8.240363,0.0,6.6902356,5.121114,0.0,0.0,2.3225036,3.1833804,8.695935,0.0,5.7596145
TCGA-AP-A1E1-01A-11R-A137-07,0.0,0.0,3.837362,0.0,0.0,7.2796345,2.9811618,0.0,0.0,5.6753283,0.13515112,11.58573,0.0,0.0,0.42286795,0.0,3.2848637,0.0,0.0,1.0148504,5.605657,3.3049595,0.0,3.4135532,2.1715329,4.5213413,6.911074,0.0,0.0,0.0,0.6169908,3.7485409
TCGA-EY-A1GR-01A-11R-A13S-07,13.233687,0.0,1.3257933,4.116728,0.0,0.0,0.0,0.0,1.495401,0.0,0.0,7.407097,6.3696074,0.0,7.1885066,5.7256217,5.3234143,0.0,3.273698,0.0,0.0,0.0,11.305009,19.024847,6.3674326,0.0,10.062468,0.0,0.0,10.368405,10.873849,0.0
TCGA-BG-A186-01A-11R-A12I-07,0.0,0.0,0.0,0.0,0.0,0.059557423,0.0,0.0,3.800734,5.4567842,0.94555235,12.231109,0.0,0.5722225,0.0,0.0,1.6649144,1.0802547,5.854528,0.0,9.248482,5.345949,0.0,8.781364,3.803914,4.9814262,0.0,0.3858496,0.0,0.0,0.0,4.361757
TCGA-EY-A2ON-01A-21R-A18M-07,4.3028255,7.542434,3.5279844,0.0,4.6796136,3.3403835,0.0,0.0,0.0,0.0,0.0,0.51071185,6.5731916,0.0,0.0,0.0,0.0,3.8577206,0.0,3.4615529,0.0,0.0,0.0,0.0,0.0,0.0,0.0,13.363086,10.402711,0.0,0.0,0.0
TCGA-EY-A1GC-01A-11R-A13S-07,12.521622,0.0,11.106985,0.0,4.102907,0.0,0.0,0.0,5.7009816,0.0,7.688541,15.38214,0.0,0.0,0.0,0.0,2.464075,0.0,0.0,0.0,0.0,0.0,0.80399394,17.163406,0.0,0.0,0.0,5.2063403,0.0,5.538288,9.367686,2.5202327
TCGA-A5-A0GU-01A-11R-A16W-07,0.0,0.0,0.40102875,0.0,0.0,0.0,0.0,0.0,0.3290358,6.035351,0.0,7.8488483,0.0,0.0,1.3515308,0.39435068,5.9273095,0.0,0.0,0.3868881,5.577338,8.529033,0.0,4.639936,2.8089082,0.8364357,3.3983922,0.0,0.0,0.0,1.392692,1.4229659
TCGA-AJ-A3NG-01A-11R-A22K-07,6.3678684,6.419384,0.0,1.1386386,0.0,3.2940936,3.180115,2.1052365,0.0,0.0,0.0,0.9791505,17.464533,13.914188,5.8185873,5.0641074,0.0,3.8083048,2.2105525,8.675245,0.47350365,2.6739483,11.308653,0.0,4.764018,0.0,0.0,0.98101,0.0,0.6310091,0.0,0.0
TCGA-B5-A0JS-01A-11R-A104-07,0.0,4.808814,6.7589803,0.0,0.0,0.0,3.0200307,0.0,0.0,7.401358,0.0,0.0,0.0,0.0,0.0,2.9215944,0.0,0.0,9.505998,9.024177,4.3614464,8.734963,0.0,0.0,0.0,1.4755394,10.166129,0.0,0.0,0.0,2.5181735,5.427754
TCGA-D1-A174-01A-11R-A12I-07,0.0,0.0,9.0949135,1.7773725,0.0,0.0,7.2814364,0.0,3.2607844,6.987356,12.247448,0.0,0.0,0.0,0.0,4.5275636,0.0,0.0,14.993013,0.0,0.0,0.0,0.0,7.1332173,0.0,4.5199146,5.8190327,0.0,2.510643,0.0,1.4982796,3.6163793
TCGA-H5-A2HR-01A-11R-A180-07,4.4184556,0.0,6.3874774,14.084606,17.49216,0.0,0.0,4.9239316,5.1634355,0.0,4.6083674,0.0,1.5740728,0.0,0.0,0.0,4.3185973,0.0,0.0,0.0,0.0,0.0,0.0,2.882946,0.0,0.0,0.0,1.27863,0.0,7.852119,9.883338,5.6709123
TCGA-PG-A5BC-01A-12R-A27V-07,3.0388494,0.0,0.0,2.0749335,0.0,4.0583825,0.0,3.7514849,0.0,0.0,0.0,0.0,2.887643,10.208359,0.0,0.0,5.6804037,7.3657994,1.9336069,8.764294,0.0,0.41885287,8.952716,0.59153306,9.15997,0.0,0.0,11.173901,0.0,0.4024614,0.0,0.0
TCGA-AX-A06B-01A-11R-A00V-07,9.2335005,0.0,0.0,0.0,0.0,2.8392541,0.0,0.0,0.04570391,0.0,0.0,7.7337484,0.0,4.9401855,0.0,0.0,0.0,2.853992,8.844673,5.5498343,0.0,2.1741047,7.428922,5.8013806,4.5458174,0.0,0.0,4.29205,0.0,1.8417058,0.34302104,0.0
